15:17:26:924  INFO 58932 --- [main] com.hmall.HMallApplication               : Starting HMallApplication using Java 17 on LAPTOP-5103CHBA with PID 58932 (E:\hmall\hm-service\target\classes started by HUAWEI in E:\hmall)
15:17:26:926 DEBUG 58932 --- [main] com.hmall.HMallApplication               : Running with Spring Boot v2.7.12, Spring v5.3.27
15:17:26:927  INFO 58932 --- [main] com.hmall.HMallApplication               : The following 1 profile is active: "dev"
15:17:27:504  INFO 58932 --- [main] .s.d.r.c.RepositoryConfigurationDelegate : Multiple Spring Data modules found, entering strict repository configuration mode
15:17:27:507  INFO 58932 --- [main] .s.d.r.c.RepositoryConfigurationDelegate : Bootstrapping Spring Data Redis repositories in DEFAULT mode.
15:17:27:530  INFO 58932 --- [main] .s.d.r.c.RepositoryConfigurationDelegate : Finished Spring Data repository scanning in 9 ms. Found 0 Redis repository interfaces.
15:17:28:008  INFO 58932 --- [main] o.s.b.w.embedded.tomcat.TomcatWebServer  : Tomcat initialized with port(s): 8080 (http)
15:17:28:015  INFO 58932 --- [main] o.apache.catalina.core.StandardService   : Starting service [Tomcat]
15:17:28:016  INFO 58932 --- [main] org.apache.catalina.core.StandardEngine  : Starting Servlet engine: [Apache Tomcat/9.0.75]
15:17:28:113  INFO 58932 --- [main] o.a.c.c.C.[Tomcat].[localhost].[/]       : Initializing Spring embedded WebApplicationContext
15:17:28:113  INFO 58932 --- [main] w.s.c.ServletWebServerApplicationContext : Root WebApplicationContext: initialization completed in 1149 ms
15:17:29:347  INFO 58932 --- [main] pertySourcedRequestMappingHandlerMapping : Mapped URL path [/v2/api-docs] onto method [springfox.documentation.swagger2.web.Swagger2ControllerWebMvc#getDocumentation(String, HttpServletRequest)]
15:17:29:808  INFO 58932 --- [main] o.s.b.w.embedded.tomcat.TomcatWebServer  : Tomcat started on port(s): 8080 (http) with context path ''
15:17:29:809  INFO 58932 --- [main] d.s.w.p.DocumentationPluginsBootstrapper : Documentation plugins bootstrapped
15:17:29:811  INFO 58932 --- [main] d.s.w.p.DocumentationPluginsBootstrapper : Found 1 custom documentation plugin(s)
15:17:29:842  INFO 58932 --- [main] s.d.s.w.s.ApiListingReferenceScanner     : Scanning for api listing references
15:17:30:054  INFO 58932 --- [main] com.hmall.HMallApplication               : Started HMallApplication in 3.42 seconds (JVM running for 3.964)
18:29:49:601  INFO 42832 --- [main] com.hmall.HMallApplication               : Starting HMallApplication using Java 17 on LAPTOP-5103CHBA with PID 42832 (E:\hmall\hm-service\target\classes started by HUAWEI in E:\hmall)
18:29:49:611 DEBUG 42832 --- [main] com.hmall.HMallApplication               : Running with Spring Boot v2.7.12, Spring v5.3.27
18:29:49:611  INFO 42832 --- [main] com.hmall.HMallApplication               : The following 1 profile is active: "dev"
18:29:50:142  INFO 42832 --- [main] .s.d.r.c.RepositoryConfigurationDelegate : Multiple Spring Data modules found, entering strict repository configuration mode
18:29:50:143  INFO 42832 --- [main] .s.d.r.c.RepositoryConfigurationDelegate : Bootstrapping Spring Data Redis repositories in DEFAULT mode.
18:29:50:164  INFO 42832 --- [main] .s.d.r.c.RepositoryConfigurationDelegate : Finished Spring Data repository scanning in 9 ms. Found 0 Redis repository interfaces.
18:29:50:678  INFO 42832 --- [main] o.s.b.w.embedded.tomcat.TomcatWebServer  : Tomcat initialized with port(s): 8080 (http)
18:29:50:687  INFO 42832 --- [main] o.apache.catalina.core.StandardService   : Starting service [Tomcat]
18:29:50:687  INFO 42832 --- [main] org.apache.catalina.core.StandardEngine  : Starting Servlet engine: [Apache Tomcat/9.0.75]
18:29:50:808  INFO 42832 --- [main] o.a.c.c.C.[Tomcat].[localhost].[/]       : Initializing Spring embedded WebApplicationContext
18:29:50:810  INFO 42832 --- [main] w.s.c.ServletWebServerApplicationContext : Root WebApplicationContext: initialization completed in 1161 ms
18:29:51:976  INFO 42832 --- [main] pertySourcedRequestMappingHandlerMapping : Mapped URL path [/v2/api-docs] onto method [springfox.documentation.swagger2.web.Swagger2ControllerWebMvc#getDocumentation(String, HttpServletRequest)]
18:29:52:231  INFO 42832 --- [main] o.s.b.w.embedded.tomcat.TomcatWebServer  : Tomcat started on port(s): 8080 (http) with context path ''
18:29:52:231  INFO 42832 --- [main] d.s.w.p.DocumentationPluginsBootstrapper : Documentation plugins bootstrapped
18:29:52:232  INFO 42832 --- [main] d.s.w.p.DocumentationPluginsBootstrapper : Found 1 custom documentation plugin(s)
18:29:52:254  INFO 42832 --- [main] s.d.s.w.s.ApiListingReferenceScanner     : Scanning for api listing references
18:29:52:394  INFO 42832 --- [main] com.hmall.HMallApplication               : Started HMallApplication in 3.087 seconds (JVM running for 3.559)
18:29:56:368  INFO 42832 --- [http-nio-8080-exec-1] o.a.c.c.C.[Tomcat].[localhost].[/]       : Initializing Spring DispatcherServlet 'dispatcherServlet'
18:29:56:370  INFO 42832 --- [http-nio-8080-exec-1] o.s.web.servlet.DispatcherServlet        : Initializing Servlet 'dispatcherServlet'
18:29:56:372  INFO 42832 --- [http-nio-8080-exec-1] o.s.web.servlet.DispatcherServlet        : Completed initialization in 2 ms
18:56:59:850  INFO 49536 --- [main] com.hmall.HMallApplication               : Starting HMallApplication using Java 17 on LAPTOP-5103CHBA with PID 49536 (E:\hmall\hm-service\target\classes started by HUAWEI in E:\hmall)
18:56:59:851 DEBUG 49536 --- [main] com.hmall.HMallApplication               : Running with Spring Boot v2.7.12, Spring v5.3.27
18:56:59:851  INFO 49536 --- [main] com.hmall.HMallApplication               : The following 1 profile is active: "dev"
18:57:00:421  INFO 49536 --- [main] .s.d.r.c.RepositoryConfigurationDelegate : Multiple Spring Data modules found, entering strict repository configuration mode
18:57:00:422  INFO 49536 --- [main] .s.d.r.c.RepositoryConfigurationDelegate : Bootstrapping Spring Data Redis repositories in DEFAULT mode.
18:57:00:449  INFO 49536 --- [main] .s.d.r.c.RepositoryConfigurationDelegate : Finished Spring Data repository scanning in 15 ms. Found 0 Redis repository interfaces.
18:57:00:916  INFO 49536 --- [main] o.s.b.w.embedded.tomcat.TomcatWebServer  : Tomcat initialized with port(s): 8080 (http)
18:57:00:925  INFO 49536 --- [main] o.apache.catalina.core.StandardService   : Starting service [Tomcat]
18:57:00:925  INFO 49536 --- [main] org.apache.catalina.core.StandardEngine  : Starting Servlet engine: [Apache Tomcat/9.0.75]
18:57:01:039  INFO 49536 --- [main] o.a.c.c.C.[Tomcat].[localhost].[/]       : Initializing Spring embedded WebApplicationContext
18:57:01:040  INFO 49536 --- [main] w.s.c.ServletWebServerApplicationContext : Root WebApplicationContext: initialization completed in 1152 ms
18:57:02:291  INFO 49536 --- [main] pertySourcedRequestMappingHandlerMapping : Mapped URL path [/v2/api-docs] onto method [springfox.documentation.swagger2.web.Swagger2ControllerWebMvc#getDocumentation(String, HttpServletRequest)]
18:57:02:559  INFO 49536 --- [main] o.s.b.w.embedded.tomcat.TomcatWebServer  : Tomcat started on port(s): 8080 (http) with context path ''
18:57:02:559  INFO 49536 --- [main] d.s.w.p.DocumentationPluginsBootstrapper : Documentation plugins bootstrapped
18:57:02:562  INFO 49536 --- [main] d.s.w.p.DocumentationPluginsBootstrapper : Found 1 custom documentation plugin(s)
18:57:02:587  INFO 49536 --- [main] s.d.s.w.s.ApiListingReferenceScanner     : Scanning for api listing references
18:57:02:728  INFO 49536 --- [main] com.hmall.HMallApplication               : Started HMallApplication in 3.157 seconds (JVM running for 3.57)
18:57:10:436  INFO 49536 --- [http-nio-8080-exec-1] o.a.c.c.C.[Tomcat].[localhost].[/]       : Initializing Spring DispatcherServlet 'dispatcherServlet'
18:57:10:436  INFO 49536 --- [http-nio-8080-exec-1] o.s.web.servlet.DispatcherServlet        : Initializing Servlet 'dispatcherServlet'
18:57:10:438  INFO 49536 --- [http-nio-8080-exec-1] o.s.web.servlet.DispatcherServlet        : Completed initialization in 2 ms
18:57:10:472 ERROR 49536 --- [http-nio-8080-exec-1] o.a.c.c.C.[.[.[/].[dispatcherServlet]    : Servlet.service() for servlet [dispatcherServlet] in context with path [] threw exception [Request processing failed; nested exception is com.hmall.common.exception.UnauthorizedException: 未登录] with root cause

com.hmall.common.exception.UnauthorizedException: 未登录
	at com.hmall.utils.JwtTool.parseToken(JwtTool.java:47) ~[classes/:na]
	at com.hmall.interceptor.LoginInterceptor.preHandle(LoginInterceptor.java:21) ~[classes/:na]
	at org.springframework.web.servlet.HandlerExecutionChain.applyPreHandle(HandlerExecutionChain.java:148) ~[spring-webmvc-5.3.27.jar:5.3.27]
	at org.springframework.web.servlet.DispatcherServlet.doDispatch(DispatcherServlet.java:1067) ~[spring-webmvc-5.3.27.jar:5.3.27]
	at org.springframework.web.servlet.DispatcherServlet.doService(DispatcherServlet.java:965) ~[spring-webmvc-5.3.27.jar:5.3.27]
	at org.springframework.web.servlet.FrameworkServlet.processRequest(FrameworkServlet.java:1006) ~[spring-webmvc-5.3.27.jar:5.3.27]
	at org.springframework.web.servlet.FrameworkServlet.doGet(FrameworkServlet.java:898) ~[spring-webmvc-5.3.27.jar:5.3.27]
	at javax.servlet.http.HttpServlet.service(HttpServlet.java:529) ~[tomcat-embed-core-9.0.75.jar:4.0.FR]
	at org.springframework.web.servlet.FrameworkServlet.service(FrameworkServlet.java:883) ~[spring-webmvc-5.3.27.jar:5.3.27]
	at javax.servlet.http.HttpServlet.service(HttpServlet.java:623) ~[tomcat-embed-core-9.0.75.jar:4.0.FR]
	at org.apache.catalina.core.ApplicationFilterChain.internalDoFilter(ApplicationFilterChain.java:209) ~[tomcat-embed-core-9.0.75.jar:9.0.75]
	at org.apache.catalina.core.ApplicationFilterChain.doFilter(ApplicationFilterChain.java:153) ~[tomcat-embed-core-9.0.75.jar:9.0.75]
	at org.apache.tomcat.websocket.server.WsFilter.doFilter(WsFilter.java:51) ~[tomcat-embed-websocket-9.0.75.jar:9.0.75]
	at org.apache.catalina.core.ApplicationFilterChain.internalDoFilter(ApplicationFilterChain.java:178) ~[tomcat-embed-core-9.0.75.jar:9.0.75]
	at org.apache.catalina.core.ApplicationFilterChain.doFilter(ApplicationFilterChain.java:153) ~[tomcat-embed-core-9.0.75.jar:9.0.75]
	at org.springframework.web.filter.RequestContextFilter.doFilterInternal(RequestContextFilter.java:100) ~[spring-web-5.3.27.jar:5.3.27]
	at org.springframework.web.filter.OncePerRequestFilter.doFilter(OncePerRequestFilter.java:117) ~[spring-web-5.3.27.jar:5.3.27]
	at org.apache.catalina.core.ApplicationFilterChain.internalDoFilter(ApplicationFilterChain.java:178) ~[tomcat-embed-core-9.0.75.jar:9.0.75]
	at org.apache.catalina.core.ApplicationFilterChain.doFilter(ApplicationFilterChain.java:153) ~[tomcat-embed-core-9.0.75.jar:9.0.75]
	at org.springframework.web.filter.FormContentFilter.doFilterInternal(FormContentFilter.java:93) ~[spring-web-5.3.27.jar:5.3.27]
	at org.springframework.web.filter.OncePerRequestFilter.doFilter(OncePerRequestFilter.java:117) ~[spring-web-5.3.27.jar:5.3.27]
	at org.apache.catalina.core.ApplicationFilterChain.internalDoFilter(ApplicationFilterChain.java:178) ~[tomcat-embed-core-9.0.75.jar:9.0.75]
	at org.apache.catalina.core.ApplicationFilterChain.doFilter(ApplicationFilterChain.java:153) ~[tomcat-embed-core-9.0.75.jar:9.0.75]
	at org.springframework.web.filter.CharacterEncodingFilter.doFilterInternal(CharacterEncodingFilter.java:201) ~[spring-web-5.3.27.jar:5.3.27]
	at org.springframework.web.filter.OncePerRequestFilter.doFilter(OncePerRequestFilter.java:117) ~[spring-web-5.3.27.jar:5.3.27]
	at org.apache.catalina.core.ApplicationFilterChain.internalDoFilter(ApplicationFilterChain.java:178) ~[tomcat-embed-core-9.0.75.jar:9.0.75]
	at org.apache.catalina.core.ApplicationFilterChain.doFilter(ApplicationFilterChain.java:153) ~[tomcat-embed-core-9.0.75.jar:9.0.75]
	at org.apache.catalina.core.StandardWrapperValve.invoke(StandardWrapperValve.java:167) ~[tomcat-embed-core-9.0.75.jar:9.0.75]
	at org.apache.catalina.core.StandardContextValve.invoke(StandardContextValve.java:90) ~[tomcat-embed-core-9.0.75.jar:9.0.75]
	at org.apache.catalina.authenticator.AuthenticatorBase.invoke(AuthenticatorBase.java:481) ~[tomcat-embed-core-9.0.75.jar:9.0.75]
	at org.apache.catalina.core.StandardHostValve.invoke(StandardHostValve.java:130) ~[tomcat-embed-core-9.0.75.jar:9.0.75]
	at org.apache.catalina.valves.ErrorReportValve.invoke(ErrorReportValve.java:93) ~[tomcat-embed-core-9.0.75.jar:9.0.75]
	at org.apache.catalina.core.StandardEngineValve.invoke(StandardEngineValve.java:74) ~[tomcat-embed-core-9.0.75.jar:9.0.75]
	at org.apache.catalina.connector.CoyoteAdapter.service(CoyoteAdapter.java:343) ~[tomcat-embed-core-9.0.75.jar:9.0.75]
	at org.apache.coyote.http11.Http11Processor.service(Http11Processor.java:390) ~[tomcat-embed-core-9.0.75.jar:9.0.75]
	at org.apache.coyote.AbstractProcessorLight.process(AbstractProcessorLight.java:63) ~[tomcat-embed-core-9.0.75.jar:9.0.75]
	at org.apache.coyote.AbstractProtocol$ConnectionHandler.process(AbstractProtocol.java:926) ~[tomcat-embed-core-9.0.75.jar:9.0.75]
	at org.apache.tomcat.util.net.NioEndpoint$SocketProcessor.doRun(NioEndpoint.java:1791) ~[tomcat-embed-core-9.0.75.jar:9.0.75]
	at org.apache.tomcat.util.net.SocketProcessorBase.run(SocketProcessorBase.java:52) ~[tomcat-embed-core-9.0.75.jar:9.0.75]
	at org.apache.tomcat.util.threads.ThreadPoolExecutor.runWorker(ThreadPoolExecutor.java:1191) ~[tomcat-embed-core-9.0.75.jar:9.0.75]
	at org.apache.tomcat.util.threads.ThreadPoolExecutor$Worker.run(ThreadPoolExecutor.java:659) ~[tomcat-embed-core-9.0.75.jar:9.0.75]
	at org.apache.tomcat.util.threads.TaskThread$WrappingRunnable.run(TaskThread.java:61) ~[tomcat-embed-core-9.0.75.jar:9.0.75]
	at java.base/java.lang.Thread.run(Thread.java:833) ~[na:na]

19:00:49:840 ERROR 49536 --- [http-nio-8080-exec-7] c.h.common.advice.CommonExceptionAdvice  : 自定义异常 -> com.hmall.common.exception.UnauthorizedException , 异常原因：无效的token  
19:00:49:842 DEBUG 49536 --- [http-nio-8080-exec-7] c.h.common.advice.CommonExceptionAdvice  : 

com.hmall.common.exception.UnauthorizedException: 无效的token
	at com.hmall.utils.JwtTool.parseToken(JwtTool.java:54) ~[classes/:na]
	at com.hmall.interceptor.LoginInterceptor.preHandle(LoginInterceptor.java:21) ~[classes/:na]
	at org.springframework.web.servlet.HandlerExecutionChain.applyPreHandle(HandlerExecutionChain.java:148) ~[spring-webmvc-5.3.27.jar:5.3.27]
	at org.springframework.web.servlet.DispatcherServlet.doDispatch(DispatcherServlet.java:1067) ~[spring-webmvc-5.3.27.jar:5.3.27]
	at org.springframework.web.servlet.DispatcherServlet.doService(DispatcherServlet.java:965) ~[spring-webmvc-5.3.27.jar:5.3.27]
	at org.springframework.web.servlet.FrameworkServlet.processRequest(FrameworkServlet.java:1006) ~[spring-webmvc-5.3.27.jar:5.3.27]
	at org.springframework.web.servlet.FrameworkServlet.doGet(FrameworkServlet.java:898) ~[spring-webmvc-5.3.27.jar:5.3.27]
	at javax.servlet.http.HttpServlet.service(HttpServlet.java:529) ~[tomcat-embed-core-9.0.75.jar:4.0.FR]
	at org.springframework.web.servlet.FrameworkServlet.service(FrameworkServlet.java:883) ~[spring-webmvc-5.3.27.jar:5.3.27]
	at javax.servlet.http.HttpServlet.service(HttpServlet.java:623) ~[tomcat-embed-core-9.0.75.jar:4.0.FR]
	at org.apache.catalina.core.ApplicationFilterChain.internalDoFilter(ApplicationFilterChain.java:209) ~[tomcat-embed-core-9.0.75.jar:9.0.75]
	at org.apache.catalina.core.ApplicationFilterChain.doFilter(ApplicationFilterChain.java:153) ~[tomcat-embed-core-9.0.75.jar:9.0.75]
	at org.apache.tomcat.websocket.server.WsFilter.doFilter(WsFilter.java:51) ~[tomcat-embed-websocket-9.0.75.jar:9.0.75]
	at org.apache.catalina.core.ApplicationFilterChain.internalDoFilter(ApplicationFilterChain.java:178) ~[tomcat-embed-core-9.0.75.jar:9.0.75]
	at org.apache.catalina.core.ApplicationFilterChain.doFilter(ApplicationFilterChain.java:153) ~[tomcat-embed-core-9.0.75.jar:9.0.75]
	at org.springframework.web.filter.RequestContextFilter.doFilterInternal(RequestContextFilter.java:100) ~[spring-web-5.3.27.jar:5.3.27]
	at org.springframework.web.filter.OncePerRequestFilter.doFilter(OncePerRequestFilter.java:117) ~[spring-web-5.3.27.jar:5.3.27]
	at org.apache.catalina.core.ApplicationFilterChain.internalDoFilter(ApplicationFilterChain.java:178) ~[tomcat-embed-core-9.0.75.jar:9.0.75]
	at org.apache.catalina.core.ApplicationFilterChain.doFilter(ApplicationFilterChain.java:153) ~[tomcat-embed-core-9.0.75.jar:9.0.75]
	at org.springframework.web.filter.FormContentFilter.doFilterInternal(FormContentFilter.java:93) ~[spring-web-5.3.27.jar:5.3.27]
	at org.springframework.web.filter.OncePerRequestFilter.doFilter(OncePerRequestFilter.java:117) ~[spring-web-5.3.27.jar:5.3.27]
	at org.apache.catalina.core.ApplicationFilterChain.internalDoFilter(ApplicationFilterChain.java:178) ~[tomcat-embed-core-9.0.75.jar:9.0.75]
	at org.apache.catalina.core.ApplicationFilterChain.doFilter(ApplicationFilterChain.java:153) ~[tomcat-embed-core-9.0.75.jar:9.0.75]
	at org.springframework.web.filter.CharacterEncodingFilter.doFilterInternal(CharacterEncodingFilter.java:201) ~[spring-web-5.3.27.jar:5.3.27]
	at org.springframework.web.filter.OncePerRequestFilter.doFilter(OncePerRequestFilter.java:117) ~[spring-web-5.3.27.jar:5.3.27]
	at org.apache.catalina.core.ApplicationFilterChain.internalDoFilter(ApplicationFilterChain.java:178) ~[tomcat-embed-core-9.0.75.jar:9.0.75]
	at org.apache.catalina.core.ApplicationFilterChain.doFilter(ApplicationFilterChain.java:153) ~[tomcat-embed-core-9.0.75.jar:9.0.75]
	at org.apache.catalina.core.StandardWrapperValve.invoke(StandardWrapperValve.java:167) ~[tomcat-embed-core-9.0.75.jar:9.0.75]
	at org.apache.catalina.core.StandardContextValve.invoke(StandardContextValve.java:90) ~[tomcat-embed-core-9.0.75.jar:9.0.75]
	at org.apache.catalina.authenticator.AuthenticatorBase.invoke(AuthenticatorBase.java:481) ~[tomcat-embed-core-9.0.75.jar:9.0.75]
	at org.apache.catalina.core.StandardHostValve.invoke(StandardHostValve.java:130) ~[tomcat-embed-core-9.0.75.jar:9.0.75]
	at org.apache.catalina.valves.ErrorReportValve.invoke(ErrorReportValve.java:93) ~[tomcat-embed-core-9.0.75.jar:9.0.75]
	at org.apache.catalina.core.StandardEngineValve.invoke(StandardEngineValve.java:74) ~[tomcat-embed-core-9.0.75.jar:9.0.75]
	at org.apache.catalina.connector.CoyoteAdapter.service(CoyoteAdapter.java:343) ~[tomcat-embed-core-9.0.75.jar:9.0.75]
	at org.apache.coyote.http11.Http11Processor.service(Http11Processor.java:390) ~[tomcat-embed-core-9.0.75.jar:9.0.75]
	at org.apache.coyote.AbstractProcessorLight.process(AbstractProcessorLight.java:63) ~[tomcat-embed-core-9.0.75.jar:9.0.75]
	at org.apache.coyote.AbstractProtocol$ConnectionHandler.process(AbstractProtocol.java:926) ~[tomcat-embed-core-9.0.75.jar:9.0.75]
	at org.apache.tomcat.util.net.NioEndpoint$SocketProcessor.doRun(NioEndpoint.java:1791) ~[tomcat-embed-core-9.0.75.jar:9.0.75]
	at org.apache.tomcat.util.net.SocketProcessorBase.run(SocketProcessorBase.java:52) ~[tomcat-embed-core-9.0.75.jar:9.0.75]
	at org.apache.tomcat.util.threads.ThreadPoolExecutor.runWorker(ThreadPoolExecutor.java:1191) ~[tomcat-embed-core-9.0.75.jar:9.0.75]
	at org.apache.tomcat.util.threads.ThreadPoolExecutor$Worker.run(ThreadPoolExecutor.java:659) ~[tomcat-embed-core-9.0.75.jar:9.0.75]
	at org.apache.tomcat.util.threads.TaskThread$WrappingRunnable.run(TaskThread.java:61) ~[tomcat-embed-core-9.0.75.jar:9.0.75]
	at java.base/java.lang.Thread.run(Thread.java:833) ~[na:na]
Caused by: cn.hutool.jwt.JWTException: The token was expected 3 parts, but got 1.
	at cn.hutool.jwt.JWT.splitToken(JWT.java:404) ~[hutool-all-5.8.11.jar:na]
	at cn.hutool.jwt.JWT.parse(JWT.java:96) ~[hutool-all-5.8.11.jar:na]
	at cn.hutool.jwt.JWT.<init>(JWT.java:85) ~[hutool-all-5.8.11.jar:na]
	at cn.hutool.jwt.JWT.of(JWT.java:66) ~[hutool-all-5.8.11.jar:na]
	at com.hmall.utils.JwtTool.parseToken(JwtTool.java:52) ~[classes/:na]
	... 42 common frames omitted

19:00:55:588 ERROR 49536 --- [http-nio-8080-exec-8] c.h.common.advice.CommonExceptionAdvice  : 其他异常 uri : /users/login -> 

org.mybatis.spring.MyBatisSystemException: nested exception is org.apache.ibatis.builder.BuilderException: Error evaluating expression 'ew.sqlSegment != null and ew.sqlSegment != '' and ew.nonEmptyOfWhere'. Cause: org.apache.ibatis.ognl.OgnlException: sqlSegment [java.lang.ExceptionInInitializerError]
	at org.mybatis.spring.MyBatisExceptionTranslator.translateExceptionIfPossible(MyBatisExceptionTranslator.java:96) ~[mybatis-spring-2.0.6.jar:2.0.6]
	at org.mybatis.spring.SqlSessionTemplate$SqlSessionInterceptor.invoke(SqlSessionTemplate.java:441) ~[mybatis-spring-2.0.6.jar:2.0.6]
	at jdk.proxy2/jdk.proxy2.$Proxy87.selectOne(Unknown Source) ~[na:na]
	at org.mybatis.spring.SqlSessionTemplate.selectOne(SqlSessionTemplate.java:160) ~[mybatis-spring-2.0.6.jar:2.0.6]
	at com.baomidou.mybatisplus.core.override.MybatisMapperMethod.execute(MybatisMapperMethod.java:89) ~[mybatis-plus-core-3.4.3.jar:3.4.3]
	at com.baomidou.mybatisplus.core.override.MybatisMapperProxy$PlainMethodInvoker.invoke(MybatisMapperProxy.java:148) ~[mybatis-plus-core-3.4.3.jar:3.4.3]
	at com.baomidou.mybatisplus.core.override.MybatisMapperProxy.invoke(MybatisMapperProxy.java:89) ~[mybatis-plus-core-3.4.3.jar:3.4.3]
	at jdk.proxy2/jdk.proxy2.$Proxy99.selectOne(Unknown Source) ~[na:na]
	at com.baomidou.mybatisplus.extension.conditions.query.ChainQuery.one(ChainQuery.java:48) ~[mybatis-plus-extension-3.4.3.jar:3.4.3]
	at com.hmall.service.impl.UserServiceImpl.login(UserServiceImpl.java:46) ~[classes/:na]
	at com.hmall.service.impl.UserServiceImpl$$FastClassBySpringCGLIB$$84609514.invoke(<generated>) ~[classes/:na]
	at org.springframework.cglib.proxy.MethodProxy.invoke(MethodProxy.java:218) ~[spring-core-5.3.27.jar:5.3.27]
	at org.springframework.aop.framework.CglibAopProxy.invokeMethod(CglibAopProxy.java:386) ~[spring-aop-5.3.27.jar:5.3.27]
	at org.springframework.aop.framework.CglibAopProxy.access$000(CglibAopProxy.java:85) ~[spring-aop-5.3.27.jar:5.3.27]
	at org.springframework.aop.framework.CglibAopProxy$DynamicAdvisedInterceptor.intercept(CglibAopProxy.java:704) ~[spring-aop-5.3.27.jar:5.3.27]
	at com.hmall.service.impl.UserServiceImpl$$EnhancerBySpringCGLIB$$5d879290.login(<generated>) ~[classes/:na]
	at com.hmall.controller.UserController.login(UserController.java:25) ~[classes/:na]
	at java.base/jdk.internal.reflect.NativeMethodAccessorImpl.invoke0(Native Method) ~[na:na]
	at java.base/jdk.internal.reflect.NativeMethodAccessorImpl.invoke(NativeMethodAccessorImpl.java:77) ~[na:na]
	at java.base/jdk.internal.reflect.DelegatingMethodAccessorImpl.invoke(DelegatingMethodAccessorImpl.java:43) ~[na:na]
	at java.base/java.lang.reflect.Method.invoke(Method.java:568) ~[na:na]
	at org.springframework.web.method.support.InvocableHandlerMethod.doInvoke(InvocableHandlerMethod.java:205) ~[spring-web-5.3.27.jar:5.3.27]
	at org.springframework.web.method.support.InvocableHandlerMethod.invokeForRequest(InvocableHandlerMethod.java:150) ~[spring-web-5.3.27.jar:5.3.27]
	at org.springframework.web.servlet.mvc.method.annotation.ServletInvocableHandlerMethod.invokeAndHandle(ServletInvocableHandlerMethod.java:117) ~[spring-webmvc-5.3.27.jar:5.3.27]
	at org.springframework.web.servlet.mvc.method.annotation.RequestMappingHandlerAdapter.invokeHandlerMethod(RequestMappingHandlerAdapter.java:895) ~[spring-webmvc-5.3.27.jar:5.3.27]
	at org.springframework.web.servlet.mvc.method.annotation.RequestMappingHandlerAdapter.handleInternal(RequestMappingHandlerAdapter.java:808) ~[spring-webmvc-5.3.27.jar:5.3.27]
	at org.springframework.web.servlet.mvc.method.AbstractHandlerMethodAdapter.handle(AbstractHandlerMethodAdapter.java:87) ~[spring-webmvc-5.3.27.jar:5.3.27]
	at org.springframework.web.servlet.DispatcherServlet.doDispatch(DispatcherServlet.java:1072) ~[spring-webmvc-5.3.27.jar:5.3.27]
	at org.springframework.web.servlet.DispatcherServlet.doService(DispatcherServlet.java:965) ~[spring-webmvc-5.3.27.jar:5.3.27]
	at org.springframework.web.servlet.FrameworkServlet.processRequest(FrameworkServlet.java:1006) ~[spring-webmvc-5.3.27.jar:5.3.27]
	at org.springframework.web.servlet.FrameworkServlet.doPost(FrameworkServlet.java:909) ~[spring-webmvc-5.3.27.jar:5.3.27]
	at javax.servlet.http.HttpServlet.service(HttpServlet.java:555) ~[tomcat-embed-core-9.0.75.jar:4.0.FR]
	at org.springframework.web.servlet.FrameworkServlet.service(FrameworkServlet.java:883) ~[spring-webmvc-5.3.27.jar:5.3.27]
	at javax.servlet.http.HttpServlet.service(HttpServlet.java:623) ~[tomcat-embed-core-9.0.75.jar:4.0.FR]
	at org.apache.catalina.core.ApplicationFilterChain.internalDoFilter(ApplicationFilterChain.java:209) ~[tomcat-embed-core-9.0.75.jar:9.0.75]
	at org.apache.catalina.core.ApplicationFilterChain.doFilter(ApplicationFilterChain.java:153) ~[tomcat-embed-core-9.0.75.jar:9.0.75]
	at org.apache.tomcat.websocket.server.WsFilter.doFilter(WsFilter.java:51) ~[tomcat-embed-websocket-9.0.75.jar:9.0.75]
	at org.apache.catalina.core.ApplicationFilterChain.internalDoFilter(ApplicationFilterChain.java:178) ~[tomcat-embed-core-9.0.75.jar:9.0.75]
	at org.apache.catalina.core.ApplicationFilterChain.doFilter(ApplicationFilterChain.java:153) ~[tomcat-embed-core-9.0.75.jar:9.0.75]
	at org.springframework.web.filter.RequestContextFilter.doFilterInternal(RequestContextFilter.java:100) ~[spring-web-5.3.27.jar:5.3.27]
	at org.springframework.web.filter.OncePerRequestFilter.doFilter(OncePerRequestFilter.java:117) ~[spring-web-5.3.27.jar:5.3.27]
	at org.apache.catalina.core.ApplicationFilterChain.internalDoFilter(ApplicationFilterChain.java:178) ~[tomcat-embed-core-9.0.75.jar:9.0.75]
	at org.apache.catalina.core.ApplicationFilterChain.doFilter(ApplicationFilterChain.java:153) ~[tomcat-embed-core-9.0.75.jar:9.0.75]
	at org.springframework.web.filter.FormContentFilter.doFilterInternal(FormContentFilter.java:93) ~[spring-web-5.3.27.jar:5.3.27]
	at org.springframework.web.filter.OncePerRequestFilter.doFilter(OncePerRequestFilter.java:117) ~[spring-web-5.3.27.jar:5.3.27]
	at org.apache.catalina.core.ApplicationFilterChain.internalDoFilter(ApplicationFilterChain.java:178) ~[tomcat-embed-core-9.0.75.jar:9.0.75]
	at org.apache.catalina.core.ApplicationFilterChain.doFilter(ApplicationFilterChain.java:153) ~[tomcat-embed-core-9.0.75.jar:9.0.75]
	at org.springframework.web.filter.CharacterEncodingFilter.doFilterInternal(CharacterEncodingFilter.java:201) ~[spring-web-5.3.27.jar:5.3.27]
	at org.springframework.web.filter.OncePerRequestFilter.doFilter(OncePerRequestFilter.java:117) ~[spring-web-5.3.27.jar:5.3.27]
	at org.apache.catalina.core.ApplicationFilterChain.internalDoFilter(ApplicationFilterChain.java:178) ~[tomcat-embed-core-9.0.75.jar:9.0.75]
	at org.apache.catalina.core.ApplicationFilterChain.doFilter(ApplicationFilterChain.java:153) ~[tomcat-embed-core-9.0.75.jar:9.0.75]
	at org.apache.catalina.core.StandardWrapperValve.invoke(StandardWrapperValve.java:167) ~[tomcat-embed-core-9.0.75.jar:9.0.75]
	at org.apache.catalina.core.StandardContextValve.invoke(StandardContextValve.java:90) ~[tomcat-embed-core-9.0.75.jar:9.0.75]
	at org.apache.catalina.authenticator.AuthenticatorBase.invoke(AuthenticatorBase.java:481) ~[tomcat-embed-core-9.0.75.jar:9.0.75]
	at org.apache.catalina.core.StandardHostValve.invoke(StandardHostValve.java:130) ~[tomcat-embed-core-9.0.75.jar:9.0.75]
	at org.apache.catalina.valves.ErrorReportValve.invoke(ErrorReportValve.java:93) ~[tomcat-embed-core-9.0.75.jar:9.0.75]
	at org.apache.catalina.core.StandardEngineValve.invoke(StandardEngineValve.java:74) ~[tomcat-embed-core-9.0.75.jar:9.0.75]
	at org.apache.catalina.connector.CoyoteAdapter.service(CoyoteAdapter.java:343) ~[tomcat-embed-core-9.0.75.jar:9.0.75]
	at org.apache.coyote.http11.Http11Processor.service(Http11Processor.java:390) ~[tomcat-embed-core-9.0.75.jar:9.0.75]
	at org.apache.coyote.AbstractProcessorLight.process(AbstractProcessorLight.java:63) ~[tomcat-embed-core-9.0.75.jar:9.0.75]
	at org.apache.coyote.AbstractProtocol$ConnectionHandler.process(AbstractProtocol.java:926) ~[tomcat-embed-core-9.0.75.jar:9.0.75]
	at org.apache.tomcat.util.net.NioEndpoint$SocketProcessor.doRun(NioEndpoint.java:1791) ~[tomcat-embed-core-9.0.75.jar:9.0.75]
	at org.apache.tomcat.util.net.SocketProcessorBase.run(SocketProcessorBase.java:52) ~[tomcat-embed-core-9.0.75.jar:9.0.75]
	at org.apache.tomcat.util.threads.ThreadPoolExecutor.runWorker(ThreadPoolExecutor.java:1191) ~[tomcat-embed-core-9.0.75.jar:9.0.75]
	at org.apache.tomcat.util.threads.ThreadPoolExecutor$Worker.run(ThreadPoolExecutor.java:659) ~[tomcat-embed-core-9.0.75.jar:9.0.75]
	at org.apache.tomcat.util.threads.TaskThread$WrappingRunnable.run(TaskThread.java:61) ~[tomcat-embed-core-9.0.75.jar:9.0.75]
	at java.base/java.lang.Thread.run(Thread.java:833) ~[na:na]
Caused by: org.apache.ibatis.builder.BuilderException: Error evaluating expression 'ew.sqlSegment != null and ew.sqlSegment != '' and ew.nonEmptyOfWhere'. Cause: org.apache.ibatis.ognl.OgnlException: sqlSegment [java.lang.ExceptionInInitializerError]
	at org.apache.ibatis.scripting.xmltags.OgnlCache.getValue(OgnlCache.java:48) ~[mybatis-3.5.7.jar:3.5.7]
	at org.apache.ibatis.scripting.xmltags.ExpressionEvaluator.evaluateBoolean(ExpressionEvaluator.java:32) ~[mybatis-3.5.7.jar:3.5.7]
	at org.apache.ibatis.scripting.xmltags.IfSqlNode.apply(IfSqlNode.java:34) ~[mybatis-3.5.7.jar:3.5.7]
	at org.apache.ibatis.scripting.xmltags.MixedSqlNode.lambda$apply$0(MixedSqlNode.java:32) ~[mybatis-3.5.7.jar:3.5.7]
	at java.base/java.util.ArrayList.forEach(ArrayList.java:1511) ~[na:na]
	at org.apache.ibatis.scripting.xmltags.MixedSqlNode.apply(MixedSqlNode.java:32) ~[mybatis-3.5.7.jar:3.5.7]
	at org.apache.ibatis.scripting.xmltags.TrimSqlNode.apply(TrimSqlNode.java:55) ~[mybatis-3.5.7.jar:3.5.7]
	at org.apache.ibatis.scripting.xmltags.MixedSqlNode.lambda$apply$0(MixedSqlNode.java:32) ~[mybatis-3.5.7.jar:3.5.7]
	at java.base/java.util.ArrayList.forEach(ArrayList.java:1511) ~[na:na]
	at org.apache.ibatis.scripting.xmltags.MixedSqlNode.apply(MixedSqlNode.java:32) ~[mybatis-3.5.7.jar:3.5.7]
	at org.apache.ibatis.scripting.xmltags.IfSqlNode.apply(IfSqlNode.java:35) ~[mybatis-3.5.7.jar:3.5.7]
	at org.apache.ibatis.scripting.xmltags.MixedSqlNode.lambda$apply$0(MixedSqlNode.java:32) ~[mybatis-3.5.7.jar:3.5.7]
	at java.base/java.util.ArrayList.forEach(ArrayList.java:1511) ~[na:na]
	at org.apache.ibatis.scripting.xmltags.MixedSqlNode.apply(MixedSqlNode.java:32) ~[mybatis-3.5.7.jar:3.5.7]
	at org.apache.ibatis.scripting.xmltags.DynamicSqlSource.getBoundSql(DynamicSqlSource.java:39) ~[mybatis-3.5.7.jar:3.5.7]
	at org.apache.ibatis.mapping.MappedStatement.getBoundSql(MappedStatement.java:305) ~[mybatis-3.5.7.jar:3.5.7]
	at com.baomidou.mybatisplus.extension.plugins.MybatisPlusInterceptor.intercept(MybatisPlusInterceptor.java:69) ~[mybatis-plus-extension-3.4.3.jar:3.4.3]
	at org.apache.ibatis.plugin.Plugin.invoke(Plugin.java:62) ~[mybatis-3.5.7.jar:3.5.7]
	at jdk.proxy2/jdk.proxy2.$Proxy131.query(Unknown Source) ~[na:na]
	at org.apache.ibatis.session.defaults.DefaultSqlSession.selectList(DefaultSqlSession.java:151) ~[mybatis-3.5.7.jar:3.5.7]
	at org.apache.ibatis.session.defaults.DefaultSqlSession.selectList(DefaultSqlSession.java:145) ~[mybatis-3.5.7.jar:3.5.7]
	at org.apache.ibatis.session.defaults.DefaultSqlSession.selectList(DefaultSqlSession.java:140) ~[mybatis-3.5.7.jar:3.5.7]
	at org.apache.ibatis.session.defaults.DefaultSqlSession.selectOne(DefaultSqlSession.java:76) ~[mybatis-3.5.7.jar:3.5.7]
	at java.base/jdk.internal.reflect.NativeMethodAccessorImpl.invoke0(Native Method) ~[na:na]
	at java.base/jdk.internal.reflect.NativeMethodAccessorImpl.invoke(NativeMethodAccessorImpl.java:77) ~[na:na]
	at java.base/jdk.internal.reflect.DelegatingMethodAccessorImpl.invoke(DelegatingMethodAccessorImpl.java:43) ~[na:na]
	at java.base/java.lang.reflect.Method.invoke(Method.java:568) ~[na:na]
	at org.mybatis.spring.SqlSessionTemplate$SqlSessionInterceptor.invoke(SqlSessionTemplate.java:427) ~[mybatis-spring-2.0.6.jar:2.0.6]
	... 65 common frames omitted
Caused by: org.apache.ibatis.ognl.OgnlException: sqlSegment
	at org.apache.ibatis.ognl.OgnlRuntime.getMethodValue(OgnlRuntime.java:2165) ~[mybatis-3.5.7.jar:3.5.7]
	at org.apache.ibatis.ognl.ObjectPropertyAccessor.getPossibleProperty(ObjectPropertyAccessor.java:66) ~[mybatis-3.5.7.jar:3.5.7]
	at org.apache.ibatis.ognl.ObjectPropertyAccessor.getProperty(ObjectPropertyAccessor.java:160) ~[mybatis-3.5.7.jar:3.5.7]
	at org.apache.ibatis.ognl.OgnlRuntime.getProperty(OgnlRuntime.java:3373) ~[mybatis-3.5.7.jar:3.5.7]
	at org.apache.ibatis.ognl.ASTProperty.getValueBody(ASTProperty.java:121) ~[mybatis-3.5.7.jar:3.5.7]
	at org.apache.ibatis.ognl.SimpleNode.evaluateGetValueBody(SimpleNode.java:212) ~[mybatis-3.5.7.jar:3.5.7]
	at org.apache.ibatis.ognl.SimpleNode.getValue(SimpleNode.java:258) ~[mybatis-3.5.7.jar:3.5.7]
	at org.apache.ibatis.ognl.ASTChain.getValueBody(ASTChain.java:141) ~[mybatis-3.5.7.jar:3.5.7]
	at org.apache.ibatis.ognl.SimpleNode.evaluateGetValueBody(SimpleNode.java:212) ~[mybatis-3.5.7.jar:3.5.7]
	at org.apache.ibatis.ognl.SimpleNode.getValue(SimpleNode.java:258) ~[mybatis-3.5.7.jar:3.5.7]
	at org.apache.ibatis.ognl.ASTNotEq.getValueBody(ASTNotEq.java:50) ~[mybatis-3.5.7.jar:3.5.7]
	at org.apache.ibatis.ognl.SimpleNode.evaluateGetValueBody(SimpleNode.java:212) ~[mybatis-3.5.7.jar:3.5.7]
	at org.apache.ibatis.ognl.SimpleNode.getValue(SimpleNode.java:258) ~[mybatis-3.5.7.jar:3.5.7]
	at org.apache.ibatis.ognl.ASTAnd.getValueBody(ASTAnd.java:61) ~[mybatis-3.5.7.jar:3.5.7]
	at org.apache.ibatis.ognl.SimpleNode.evaluateGetValueBody(SimpleNode.java:212) ~[mybatis-3.5.7.jar:3.5.7]
	at org.apache.ibatis.ognl.SimpleNode.getValue(SimpleNode.java:258) ~[mybatis-3.5.7.jar:3.5.7]
	at org.apache.ibatis.ognl.Ognl.getValue(Ognl.java:586) ~[mybatis-3.5.7.jar:3.5.7]
	at org.apache.ibatis.ognl.Ognl.getValue(Ognl.java:550) ~[mybatis-3.5.7.jar:3.5.7]
	at org.apache.ibatis.scripting.xmltags.OgnlCache.getValue(OgnlCache.java:46) ~[mybatis-3.5.7.jar:3.5.7]
	... 92 common frames omitted
Caused by: java.lang.ExceptionInInitializerError: null
	at com.baomidou.mybatisplus.core.toolkit.LambdaUtils.extract(LambdaUtils.java:55) ~[mybatis-plus-core-3.4.3.jar:3.4.3]
	at com.baomidou.mybatisplus.core.conditions.AbstractLambdaWrapper.getColumnCache(AbstractLambdaWrapper.java:75) ~[mybatis-plus-core-3.4.3.jar:3.4.3]
	at com.baomidou.mybatisplus.core.conditions.AbstractLambdaWrapper.columnToString(AbstractLambdaWrapper.java:62) ~[mybatis-plus-core-3.4.3.jar:3.4.3]
	at com.baomidou.mybatisplus.core.conditions.AbstractLambdaWrapper.columnToString(AbstractLambdaWrapper.java:58) ~[mybatis-plus-core-3.4.3.jar:3.4.3]
	at com.baomidou.mybatisplus.core.conditions.AbstractLambdaWrapper.columnToString(AbstractLambdaWrapper.java:38) ~[mybatis-plus-core-3.4.3.jar:3.4.3]
	at com.baomidou.mybatisplus.core.conditions.AbstractWrapper.lambda$columnToSqlSegment$a3f115af$1(AbstractWrapper.java:575) ~[mybatis-plus-core-3.4.3.jar:3.4.3]
	at java.base/java.util.stream.ReferencePipeline$3$1.accept(ReferencePipeline.java:197) ~[na:na]
	at java.base/java.util.ArrayList$ArrayListSpliterator.forEachRemaining(ArrayList.java:1625) ~[na:na]
	at java.base/java.util.stream.AbstractPipeline.copyInto(AbstractPipeline.java:509) ~[na:na]
	at java.base/java.util.stream.AbstractPipeline.wrapAndCopyInto(AbstractPipeline.java:499) ~[na:na]
	at java.base/java.util.stream.ReduceOps$ReduceOp.evaluateSequential(ReduceOps.java:921) ~[na:na]
	at java.base/java.util.stream.AbstractPipeline.evaluate(AbstractPipeline.java:234) ~[na:na]
	at java.base/java.util.stream.ReferencePipeline.collect(ReferencePipeline.java:682) ~[na:na]
	at com.baomidou.mybatisplus.core.conditions.segments.NormalSegmentList.childrenSqlSegment(NormalSegmentList.java:89) ~[mybatis-plus-core-3.4.3.jar:3.4.3]
	at com.baomidou.mybatisplus.core.conditions.segments.AbstractISegmentList.getSqlSegment(AbstractISegmentList.java:103) ~[mybatis-plus-core-3.4.3.jar:3.4.3]
	at com.baomidou.mybatisplus.core.conditions.segments.MergeSegments.getSqlSegment(MergeSegments.java:72) ~[mybatis-plus-core-3.4.3.jar:3.4.3]
	at com.baomidou.mybatisplus.core.conditions.AbstractWrapper.getSqlSegment(AbstractWrapper.java:525) ~[mybatis-plus-core-3.4.3.jar:3.4.3]
	at java.base/jdk.internal.reflect.NativeMethodAccessorImpl.invoke0(Native Method) ~[na:na]
	at java.base/jdk.internal.reflect.NativeMethodAccessorImpl.invoke(NativeMethodAccessorImpl.java:77) ~[na:na]
	at java.base/jdk.internal.reflect.DelegatingMethodAccessorImpl.invoke(DelegatingMethodAccessorImpl.java:43) ~[na:na]
	at java.base/java.lang.reflect.Method.invoke(Method.java:568) ~[na:na]
	at org.apache.ibatis.ognl.OgnlRuntime.invokeMethodInsideSandbox(OgnlRuntime.java:1266) ~[mybatis-3.5.7.jar:3.5.7]
	at org.apache.ibatis.ognl.OgnlRuntime.invokeMethod(OgnlRuntime.java:1251) ~[mybatis-3.5.7.jar:3.5.7]
	at org.apache.ibatis.ognl.OgnlRuntime.getMethodValue(OgnlRuntime.java:2163) ~[mybatis-3.5.7.jar:3.5.7]
	... 110 common frames omitted
Caused by: java.lang.reflect.InaccessibleObjectException: Unable to make field private final java.lang.Class java.lang.invoke.SerializedLambda.capturingClass accessible: module java.base does not "opens java.lang.invoke" to unnamed module @3023df74
	at java.base/java.lang.reflect.AccessibleObject.checkCanSetAccessible(AccessibleObject.java:354) ~[na:na]
	at java.base/java.lang.reflect.AccessibleObject.checkCanSetAccessible(AccessibleObject.java:297) ~[na:na]
	at java.base/java.lang.reflect.Field.checkCanSetAccessible(Field.java:178) ~[na:na]
	at java.base/java.lang.reflect.Field.setAccessible(Field.java:172) ~[na:na]
	at com.baomidou.mybatisplus.core.toolkit.SetAccessibleAction.run(SetAccessibleAction.java:18) ~[mybatis-plus-core-3.4.3.jar:3.4.3]
	at com.baomidou.mybatisplus.core.toolkit.SetAccessibleAction.run(SetAccessibleAction.java:9) ~[mybatis-plus-core-3.4.3.jar:3.4.3]
	at java.base/java.security.AccessController.doPrivileged(AccessController.java:318) ~[na:na]
	at com.baomidou.mybatisplus.core.toolkit.ReflectionKit.setAccessible(ReflectionKit.java:203) ~[mybatis-plus-core-3.4.3.jar:3.4.3]
	at com.baomidou.mybatisplus.core.toolkit.support.SerializedLambdaMeta.<clinit>(SerializedLambdaMeta.java:19) ~[mybatis-plus-core-3.4.3.jar:3.4.3]
	... 134 common frames omitted

19:07:29:543  INFO 49536 --- [http-nio-8080-exec-10] com.zaxxer.hikari.HikariDataSource       : HikariPool-1 - Starting...
19:07:37:474 ERROR 49536 --- [http-nio-8080-exec-10] com.zaxxer.hikari.pool.HikariPool        : HikariPool-1 - Exception during pool initialization.

java.sql.SQLNonTransientConnectionException: Could not create connection to database server. Attempted reconnect 3 times. Giving up.
	at com.mysql.cj.jdbc.exceptions.SQLError.createSQLException(SQLError.java:110) ~[mysql-connector-java-8.0.23.jar:8.0.23]
	at com.mysql.cj.jdbc.exceptions.SQLError.createSQLException(SQLError.java:97) ~[mysql-connector-java-8.0.23.jar:8.0.23]
	at com.mysql.cj.jdbc.exceptions.SQLError.createSQLException(SQLError.java:89) ~[mysql-connector-java-8.0.23.jar:8.0.23]
	at com.mysql.cj.jdbc.exceptions.SQLError.createSQLException(SQLError.java:63) ~[mysql-connector-java-8.0.23.jar:8.0.23]
	at com.mysql.cj.jdbc.exceptions.SQLError.createSQLException(SQLError.java:73) ~[mysql-connector-java-8.0.23.jar:8.0.23]
	at com.mysql.cj.jdbc.ConnectionImpl.connectWithRetries(ConnectionImpl.java:903) ~[mysql-connector-java-8.0.23.jar:8.0.23]
	at com.mysql.cj.jdbc.ConnectionImpl.createNewIO(ConnectionImpl.java:828) ~[mysql-connector-java-8.0.23.jar:8.0.23]
	at com.mysql.cj.jdbc.ConnectionImpl.<init>(ConnectionImpl.java:453) ~[mysql-connector-java-8.0.23.jar:8.0.23]
	at com.mysql.cj.jdbc.ConnectionImpl.getInstance(ConnectionImpl.java:246) ~[mysql-connector-java-8.0.23.jar:8.0.23]
	at com.mysql.cj.jdbc.NonRegisteringDriver.connect(NonRegisteringDriver.java:198) ~[mysql-connector-java-8.0.23.jar:8.0.23]
	at com.zaxxer.hikari.util.DriverDataSource.getConnection(DriverDataSource.java:138) ~[HikariCP-4.0.3.jar:na]
	at com.zaxxer.hikari.pool.PoolBase.newConnection(PoolBase.java:364) ~[HikariCP-4.0.3.jar:na]
	at com.zaxxer.hikari.pool.PoolBase.newPoolEntry(PoolBase.java:206) ~[HikariCP-4.0.3.jar:na]
	at com.zaxxer.hikari.pool.HikariPool.createPoolEntry(HikariPool.java:476) ~[HikariCP-4.0.3.jar:na]
	at com.zaxxer.hikari.pool.HikariPool.checkFailFast(HikariPool.java:561) ~[HikariCP-4.0.3.jar:na]
	at com.zaxxer.hikari.pool.HikariPool.<init>(HikariPool.java:115) ~[HikariCP-4.0.3.jar:na]
	at com.zaxxer.hikari.HikariDataSource.getConnection(HikariDataSource.java:112) ~[HikariCP-4.0.3.jar:na]
	at org.springframework.jdbc.datasource.DataSourceUtils.fetchConnection(DataSourceUtils.java:159) ~[spring-jdbc-5.3.27.jar:5.3.27]
	at org.springframework.jdbc.datasource.DataSourceUtils.doGetConnection(DataSourceUtils.java:117) ~[spring-jdbc-5.3.27.jar:5.3.27]
	at org.springframework.jdbc.datasource.DataSourceUtils.getConnection(DataSourceUtils.java:80) ~[spring-jdbc-5.3.27.jar:5.3.27]
	at org.mybatis.spring.transaction.SpringManagedTransaction.openConnection(SpringManagedTransaction.java:80) ~[mybatis-spring-2.0.6.jar:2.0.6]
	at org.mybatis.spring.transaction.SpringManagedTransaction.getConnection(SpringManagedTransaction.java:67) ~[mybatis-spring-2.0.6.jar:2.0.6]
	at org.apache.ibatis.executor.BaseExecutor.getConnection(BaseExecutor.java:337) ~[mybatis-3.5.7.jar:3.5.7]
	at org.apache.ibatis.executor.SimpleExecutor.prepareStatement(SimpleExecutor.java:86) ~[mybatis-3.5.7.jar:3.5.7]
	at org.apache.ibatis.executor.SimpleExecutor.doQuery(SimpleExecutor.java:62) ~[mybatis-3.5.7.jar:3.5.7]
	at org.apache.ibatis.executor.BaseExecutor.queryFromDatabase(BaseExecutor.java:325) ~[mybatis-3.5.7.jar:3.5.7]
	at org.apache.ibatis.executor.BaseExecutor.query(BaseExecutor.java:156) ~[mybatis-3.5.7.jar:3.5.7]
	at org.apache.ibatis.executor.CachingExecutor.query(CachingExecutor.java:109) ~[mybatis-3.5.7.jar:3.5.7]
	at com.baomidou.mybatisplus.extension.plugins.inner.PaginationInnerInterceptor.willDoQuery(PaginationInnerInterceptor.java:141) ~[mybatis-plus-extension-3.4.3.jar:3.4.3]
	at com.baomidou.mybatisplus.extension.plugins.MybatisPlusInterceptor.intercept(MybatisPlusInterceptor.java:75) ~[mybatis-plus-extension-3.4.3.jar:3.4.3]
	at org.apache.ibatis.plugin.Plugin.invoke(Plugin.java:62) ~[mybatis-3.5.7.jar:3.5.7]
	at jdk.proxy2/jdk.proxy2.$Proxy131.query(Unknown Source) ~[na:na]
	at org.apache.ibatis.session.defaults.DefaultSqlSession.selectList(DefaultSqlSession.java:151) ~[mybatis-3.5.7.jar:3.5.7]
	at org.apache.ibatis.session.defaults.DefaultSqlSession.selectList(DefaultSqlSession.java:145) ~[mybatis-3.5.7.jar:3.5.7]
	at org.apache.ibatis.session.defaults.DefaultSqlSession.selectList(DefaultSqlSession.java:140) ~[mybatis-3.5.7.jar:3.5.7]
	at java.base/jdk.internal.reflect.NativeMethodAccessorImpl.invoke0(Native Method) ~[na:na]
	at java.base/jdk.internal.reflect.NativeMethodAccessorImpl.invoke(NativeMethodAccessorImpl.java:77) ~[na:na]
	at java.base/jdk.internal.reflect.DelegatingMethodAccessorImpl.invoke(DelegatingMethodAccessorImpl.java:43) ~[na:na]
	at java.base/java.lang.reflect.Method.invoke(Method.java:568) ~[na:na]
	at org.mybatis.spring.SqlSessionTemplate$SqlSessionInterceptor.invoke(SqlSessionTemplate.java:427) ~[mybatis-spring-2.0.6.jar:2.0.6]
	at jdk.proxy2/jdk.proxy2.$Proxy87.selectList(Unknown Source) ~[na:na]
	at org.mybatis.spring.SqlSessionTemplate.selectList(SqlSessionTemplate.java:224) ~[mybatis-spring-2.0.6.jar:2.0.6]
	at com.baomidou.mybatisplus.core.override.MybatisMapperMethod.executeForIPage(MybatisMapperMethod.java:121) ~[mybatis-plus-core-3.4.3.jar:3.4.3]
	at com.baomidou.mybatisplus.core.override.MybatisMapperMethod.execute(MybatisMapperMethod.java:85) ~[mybatis-plus-core-3.4.3.jar:3.4.3]
	at com.baomidou.mybatisplus.core.override.MybatisMapperProxy$PlainMethodInvoker.invoke(MybatisMapperProxy.java:148) ~[mybatis-plus-core-3.4.3.jar:3.4.3]
	at com.baomidou.mybatisplus.core.override.MybatisMapperProxy.invoke(MybatisMapperProxy.java:89) ~[mybatis-plus-core-3.4.3.jar:3.4.3]
	at jdk.proxy2/jdk.proxy2.$Proxy95.selectPage(Unknown Source) ~[na:na]
	at com.baomidou.mybatisplus.extension.service.IService.page(IService.java:298) ~[mybatis-plus-extension-3.4.3.jar:3.4.3]
	at com.baomidou.mybatisplus.extension.service.IService.page(IService.java:308) ~[mybatis-plus-extension-3.4.3.jar:3.4.3]
	at com.baomidou.mybatisplus.extension.service.IService$$FastClassBySpringCGLIB$$f8525d18.invoke(<generated>) ~[mybatis-plus-extension-3.4.3.jar:3.4.3]
	at org.springframework.cglib.proxy.MethodProxy.invoke(MethodProxy.java:218) ~[spring-core-5.3.27.jar:5.3.27]
	at org.springframework.aop.framework.CglibAopProxy.invokeMethod(CglibAopProxy.java:386) ~[spring-aop-5.3.27.jar:5.3.27]
	at org.springframework.aop.framework.CglibAopProxy.access$000(CglibAopProxy.java:85) ~[spring-aop-5.3.27.jar:5.3.27]
	at org.springframework.aop.framework.CglibAopProxy$DynamicAdvisedInterceptor.intercept(CglibAopProxy.java:704) ~[spring-aop-5.3.27.jar:5.3.27]
	at com.hmall.service.impl.ItemServiceImpl$$EnhancerBySpringCGLIB$$659b60b8.page(<generated>) ~[classes/:na]
	at com.hmall.controller.ItemController.queryItemByPage(ItemController.java:31) ~[classes/:na]
	at java.base/jdk.internal.reflect.NativeMethodAccessorImpl.invoke0(Native Method) ~[na:na]
	at java.base/jdk.internal.reflect.NativeMethodAccessorImpl.invoke(NativeMethodAccessorImpl.java:77) ~[na:na]
	at java.base/jdk.internal.reflect.DelegatingMethodAccessorImpl.invoke(DelegatingMethodAccessorImpl.java:43) ~[na:na]
	at java.base/java.lang.reflect.Method.invoke(Method.java:568) ~[na:na]
	at org.springframework.web.method.support.InvocableHandlerMethod.doInvoke(InvocableHandlerMethod.java:205) ~[spring-web-5.3.27.jar:5.3.27]
	at org.springframework.web.method.support.InvocableHandlerMethod.invokeForRequest(InvocableHandlerMethod.java:150) ~[spring-web-5.3.27.jar:5.3.27]
	at org.springframework.web.servlet.mvc.method.annotation.ServletInvocableHandlerMethod.invokeAndHandle(ServletInvocableHandlerMethod.java:117) ~[spring-webmvc-5.3.27.jar:5.3.27]
	at org.springframework.web.servlet.mvc.method.annotation.RequestMappingHandlerAdapter.invokeHandlerMethod(RequestMappingHandlerAdapter.java:895) ~[spring-webmvc-5.3.27.jar:5.3.27]
	at org.springframework.web.servlet.mvc.method.annotation.RequestMappingHandlerAdapter.handleInternal(RequestMappingHandlerAdapter.java:808) ~[spring-webmvc-5.3.27.jar:5.3.27]
	at org.springframework.web.servlet.mvc.method.AbstractHandlerMethodAdapter.handle(AbstractHandlerMethodAdapter.java:87) ~[spring-webmvc-5.3.27.jar:5.3.27]
	at org.springframework.web.servlet.DispatcherServlet.doDispatch(DispatcherServlet.java:1072) ~[spring-webmvc-5.3.27.jar:5.3.27]
	at org.springframework.web.servlet.DispatcherServlet.doService(DispatcherServlet.java:965) ~[spring-webmvc-5.3.27.jar:5.3.27]
	at org.springframework.web.servlet.FrameworkServlet.processRequest(FrameworkServlet.java:1006) ~[spring-webmvc-5.3.27.jar:5.3.27]
	at org.springframework.web.servlet.FrameworkServlet.doGet(FrameworkServlet.java:898) ~[spring-webmvc-5.3.27.jar:5.3.27]
	at javax.servlet.http.HttpServlet.service(HttpServlet.java:529) ~[tomcat-embed-core-9.0.75.jar:4.0.FR]
	at org.springframework.web.servlet.FrameworkServlet.service(FrameworkServlet.java:883) ~[spring-webmvc-5.3.27.jar:5.3.27]
	at javax.servlet.http.HttpServlet.service(HttpServlet.java:623) ~[tomcat-embed-core-9.0.75.jar:4.0.FR]
	at org.apache.catalina.core.ApplicationFilterChain.internalDoFilter(ApplicationFilterChain.java:209) ~[tomcat-embed-core-9.0.75.jar:9.0.75]
	at org.apache.catalina.core.ApplicationFilterChain.doFilter(ApplicationFilterChain.java:153) ~[tomcat-embed-core-9.0.75.jar:9.0.75]
	at org.apache.tomcat.websocket.server.WsFilter.doFilter(WsFilter.java:51) ~[tomcat-embed-websocket-9.0.75.jar:9.0.75]
	at org.apache.catalina.core.ApplicationFilterChain.internalDoFilter(ApplicationFilterChain.java:178) ~[tomcat-embed-core-9.0.75.jar:9.0.75]
	at org.apache.catalina.core.ApplicationFilterChain.doFilter(ApplicationFilterChain.java:153) ~[tomcat-embed-core-9.0.75.jar:9.0.75]
	at org.springframework.web.filter.RequestContextFilter.doFilterInternal(RequestContextFilter.java:100) ~[spring-web-5.3.27.jar:5.3.27]
	at org.springframework.web.filter.OncePerRequestFilter.doFilter(OncePerRequestFilter.java:117) ~[spring-web-5.3.27.jar:5.3.27]
	at org.apache.catalina.core.ApplicationFilterChain.internalDoFilter(ApplicationFilterChain.java:178) ~[tomcat-embed-core-9.0.75.jar:9.0.75]
	at org.apache.catalina.core.ApplicationFilterChain.doFilter(ApplicationFilterChain.java:153) ~[tomcat-embed-core-9.0.75.jar:9.0.75]
	at org.springframework.web.filter.FormContentFilter.doFilterInternal(FormContentFilter.java:93) ~[spring-web-5.3.27.jar:5.3.27]
	at org.springframework.web.filter.OncePerRequestFilter.doFilter(OncePerRequestFilter.java:117) ~[spring-web-5.3.27.jar:5.3.27]
	at org.apache.catalina.core.ApplicationFilterChain.internalDoFilter(ApplicationFilterChain.java:178) ~[tomcat-embed-core-9.0.75.jar:9.0.75]
	at org.apache.catalina.core.ApplicationFilterChain.doFilter(ApplicationFilterChain.java:153) ~[tomcat-embed-core-9.0.75.jar:9.0.75]
	at org.springframework.web.filter.CharacterEncodingFilter.doFilterInternal(CharacterEncodingFilter.java:201) ~[spring-web-5.3.27.jar:5.3.27]
	at org.springframework.web.filter.OncePerRequestFilter.doFilter(OncePerRequestFilter.java:117) ~[spring-web-5.3.27.jar:5.3.27]
	at org.apache.catalina.core.ApplicationFilterChain.internalDoFilter(ApplicationFilterChain.java:178) ~[tomcat-embed-core-9.0.75.jar:9.0.75]
	at org.apache.catalina.core.ApplicationFilterChain.doFilter(ApplicationFilterChain.java:153) ~[tomcat-embed-core-9.0.75.jar:9.0.75]
	at org.apache.catalina.core.StandardWrapperValve.invoke(StandardWrapperValve.java:167) ~[tomcat-embed-core-9.0.75.jar:9.0.75]
	at org.apache.catalina.core.StandardContextValve.invoke(StandardContextValve.java:90) ~[tomcat-embed-core-9.0.75.jar:9.0.75]
	at org.apache.catalina.authenticator.AuthenticatorBase.invoke(AuthenticatorBase.java:481) ~[tomcat-embed-core-9.0.75.jar:9.0.75]
	at org.apache.catalina.core.StandardHostValve.invoke(StandardHostValve.java:130) ~[tomcat-embed-core-9.0.75.jar:9.0.75]
	at org.apache.catalina.valves.ErrorReportValve.invoke(ErrorReportValve.java:93) ~[tomcat-embed-core-9.0.75.jar:9.0.75]
	at org.apache.catalina.core.StandardEngineValve.invoke(StandardEngineValve.java:74) ~[tomcat-embed-core-9.0.75.jar:9.0.75]
	at org.apache.catalina.connector.CoyoteAdapter.service(CoyoteAdapter.java:343) ~[tomcat-embed-core-9.0.75.jar:9.0.75]
	at org.apache.coyote.http11.Http11Processor.service(Http11Processor.java:390) ~[tomcat-embed-core-9.0.75.jar:9.0.75]
	at org.apache.coyote.AbstractProcessorLight.process(AbstractProcessorLight.java:63) ~[tomcat-embed-core-9.0.75.jar:9.0.75]
	at org.apache.coyote.AbstractProtocol$ConnectionHandler.process(AbstractProtocol.java:926) ~[tomcat-embed-core-9.0.75.jar:9.0.75]
	at org.apache.tomcat.util.net.NioEndpoint$SocketProcessor.doRun(NioEndpoint.java:1791) ~[tomcat-embed-core-9.0.75.jar:9.0.75]
	at org.apache.tomcat.util.net.SocketProcessorBase.run(SocketProcessorBase.java:52) ~[tomcat-embed-core-9.0.75.jar:9.0.75]
	at org.apache.tomcat.util.threads.ThreadPoolExecutor.runWorker(ThreadPoolExecutor.java:1191) ~[tomcat-embed-core-9.0.75.jar:9.0.75]
	at org.apache.tomcat.util.threads.ThreadPoolExecutor$Worker.run(ThreadPoolExecutor.java:659) ~[tomcat-embed-core-9.0.75.jar:9.0.75]
	at org.apache.tomcat.util.threads.TaskThread$WrappingRunnable.run(TaskThread.java:61) ~[tomcat-embed-core-9.0.75.jar:9.0.75]
	at java.base/java.lang.Thread.run(Thread.java:833) ~[na:na]
Caused by: com.mysql.cj.exceptions.CJCommunicationsException: Communications link failure

The last packet sent successfully to the server was 0 milliseconds ago. The driver has not received any packets from the server.
	at java.base/jdk.internal.reflect.NativeConstructorAccessorImpl.newInstance0(Native Method) ~[na:na]
	at java.base/jdk.internal.reflect.NativeConstructorAccessorImpl.newInstance(NativeConstructorAccessorImpl.java:77) ~[na:na]
	at java.base/jdk.internal.reflect.DelegatingConstructorAccessorImpl.newInstance(DelegatingConstructorAccessorImpl.java:45) ~[na:na]
	at java.base/java.lang.reflect.Constructor.newInstanceWithCaller(Constructor.java:499) ~[na:na]
	at java.base/java.lang.reflect.Constructor.newInstance(Constructor.java:480) ~[na:na]
	at com.mysql.cj.exceptions.ExceptionFactory.createException(ExceptionFactory.java:61) ~[mysql-connector-java-8.0.23.jar:8.0.23]
	at com.mysql.cj.exceptions.ExceptionFactory.createException(ExceptionFactory.java:105) ~[mysql-connector-java-8.0.23.jar:8.0.23]
	at com.mysql.cj.exceptions.ExceptionFactory.createException(ExceptionFactory.java:151) ~[mysql-connector-java-8.0.23.jar:8.0.23]
	at com.mysql.cj.exceptions.ExceptionFactory.createCommunicationsException(ExceptionFactory.java:167) ~[mysql-connector-java-8.0.23.jar:8.0.23]
	at com.mysql.cj.protocol.a.NativeSocketConnection.connect(NativeSocketConnection.java:89) ~[mysql-connector-java-8.0.23.jar:8.0.23]
	at com.mysql.cj.NativeSession.connect(NativeSession.java:144) ~[mysql-connector-java-8.0.23.jar:8.0.23]
	at com.mysql.cj.jdbc.ConnectionImpl.connectWithRetries(ConnectionImpl.java:847) ~[mysql-connector-java-8.0.23.jar:8.0.23]
	... 100 common frames omitted
Caused by: java.net.UnknownHostException: root
	at java.base/java.net.InetAddress$CachedAddresses.get(InetAddress.java:801) ~[na:na]
	at java.base/java.net.InetAddress.getAllByName0(InetAddress.java:1509) ~[na:na]
	at java.base/java.net.InetAddress.getAllByName(InetAddress.java:1367) ~[na:na]
	at java.base/java.net.InetAddress.getAllByName(InetAddress.java:1301) ~[na:na]
	at com.mysql.cj.protocol.StandardSocketFactory.connect(StandardSocketFactory.java:132) ~[mysql-connector-java-8.0.23.jar:8.0.23]
	at com.mysql.cj.protocol.a.NativeSocketConnection.connect(NativeSocketConnection.java:63) ~[mysql-connector-java-8.0.23.jar:8.0.23]
	... 102 common frames omitted

19:07:37:482 ERROR 49536 --- [http-nio-8080-exec-10] c.h.common.advice.CommonExceptionAdvice  : 其他异常 uri : /items/page -> 

org.mybatis.spring.MyBatisSystemException: nested exception is org.apache.ibatis.exceptions.PersistenceException: 
### Error querying database.  Cause: org.springframework.jdbc.CannotGetJdbcConnectionException: Failed to obtain JDBC Connection; nested exception is java.sql.SQLNonTransientConnectionException: Could not create connection to database server. Attempted reconnect 3 times. Giving up.
### The error may exist in com/hmall/mapper/ItemMapper.java (best guess)
### The error may involve com.hmall.mapper.ItemMapper.selectPage_mpCount
### The error occurred while executing a query
### Cause: org.springframework.jdbc.CannotGetJdbcConnectionException: Failed to obtain JDBC Connection; nested exception is java.sql.SQLNonTransientConnectionException: Could not create connection to database server. Attempted reconnect 3 times. Giving up.
	at org.mybatis.spring.MyBatisExceptionTranslator.translateExceptionIfPossible(MyBatisExceptionTranslator.java:96) ~[mybatis-spring-2.0.6.jar:2.0.6]
	at org.mybatis.spring.SqlSessionTemplate$SqlSessionInterceptor.invoke(SqlSessionTemplate.java:441) ~[mybatis-spring-2.0.6.jar:2.0.6]
	at jdk.proxy2/jdk.proxy2.$Proxy87.selectList(Unknown Source) ~[na:na]
	at org.mybatis.spring.SqlSessionTemplate.selectList(SqlSessionTemplate.java:224) ~[mybatis-spring-2.0.6.jar:2.0.6]
	at com.baomidou.mybatisplus.core.override.MybatisMapperMethod.executeForIPage(MybatisMapperMethod.java:121) ~[mybatis-plus-core-3.4.3.jar:3.4.3]
	at com.baomidou.mybatisplus.core.override.MybatisMapperMethod.execute(MybatisMapperMethod.java:85) ~[mybatis-plus-core-3.4.3.jar:3.4.3]
	at com.baomidou.mybatisplus.core.override.MybatisMapperProxy$PlainMethodInvoker.invoke(MybatisMapperProxy.java:148) ~[mybatis-plus-core-3.4.3.jar:3.4.3]
	at com.baomidou.mybatisplus.core.override.MybatisMapperProxy.invoke(MybatisMapperProxy.java:89) ~[mybatis-plus-core-3.4.3.jar:3.4.3]
	at jdk.proxy2/jdk.proxy2.$Proxy95.selectPage(Unknown Source) ~[na:na]
	at com.baomidou.mybatisplus.extension.service.IService.page(IService.java:298) ~[mybatis-plus-extension-3.4.3.jar:3.4.3]
	at com.baomidou.mybatisplus.extension.service.IService.page(IService.java:308) ~[mybatis-plus-extension-3.4.3.jar:3.4.3]
	at com.baomidou.mybatisplus.extension.service.IService$$FastClassBySpringCGLIB$$f8525d18.invoke(<generated>) ~[mybatis-plus-extension-3.4.3.jar:3.4.3]
	at org.springframework.cglib.proxy.MethodProxy.invoke(MethodProxy.java:218) ~[spring-core-5.3.27.jar:5.3.27]
	at org.springframework.aop.framework.CglibAopProxy.invokeMethod(CglibAopProxy.java:386) ~[spring-aop-5.3.27.jar:5.3.27]
	at org.springframework.aop.framework.CglibAopProxy.access$000(CglibAopProxy.java:85) ~[spring-aop-5.3.27.jar:5.3.27]
	at org.springframework.aop.framework.CglibAopProxy$DynamicAdvisedInterceptor.intercept(CglibAopProxy.java:704) ~[spring-aop-5.3.27.jar:5.3.27]
	at com.hmall.service.impl.ItemServiceImpl$$EnhancerBySpringCGLIB$$659b60b8.page(<generated>) ~[classes/:na]
	at com.hmall.controller.ItemController.queryItemByPage(ItemController.java:31) ~[classes/:na]
	at java.base/jdk.internal.reflect.NativeMethodAccessorImpl.invoke0(Native Method) ~[na:na]
	at java.base/jdk.internal.reflect.NativeMethodAccessorImpl.invoke(NativeMethodAccessorImpl.java:77) ~[na:na]
	at java.base/jdk.internal.reflect.DelegatingMethodAccessorImpl.invoke(DelegatingMethodAccessorImpl.java:43) ~[na:na]
	at java.base/java.lang.reflect.Method.invoke(Method.java:568) ~[na:na]
	at org.springframework.web.method.support.InvocableHandlerMethod.doInvoke(InvocableHandlerMethod.java:205) ~[spring-web-5.3.27.jar:5.3.27]
	at org.springframework.web.method.support.InvocableHandlerMethod.invokeForRequest(InvocableHandlerMethod.java:150) ~[spring-web-5.3.27.jar:5.3.27]
	at org.springframework.web.servlet.mvc.method.annotation.ServletInvocableHandlerMethod.invokeAndHandle(ServletInvocableHandlerMethod.java:117) ~[spring-webmvc-5.3.27.jar:5.3.27]
	at org.springframework.web.servlet.mvc.method.annotation.RequestMappingHandlerAdapter.invokeHandlerMethod(RequestMappingHandlerAdapter.java:895) ~[spring-webmvc-5.3.27.jar:5.3.27]
	at org.springframework.web.servlet.mvc.method.annotation.RequestMappingHandlerAdapter.handleInternal(RequestMappingHandlerAdapter.java:808) ~[spring-webmvc-5.3.27.jar:5.3.27]
	at org.springframework.web.servlet.mvc.method.AbstractHandlerMethodAdapter.handle(AbstractHandlerMethodAdapter.java:87) ~[spring-webmvc-5.3.27.jar:5.3.27]
	at org.springframework.web.servlet.DispatcherServlet.doDispatch(DispatcherServlet.java:1072) ~[spring-webmvc-5.3.27.jar:5.3.27]
	at org.springframework.web.servlet.DispatcherServlet.doService(DispatcherServlet.java:965) ~[spring-webmvc-5.3.27.jar:5.3.27]
	at org.springframework.web.servlet.FrameworkServlet.processRequest(FrameworkServlet.java:1006) ~[spring-webmvc-5.3.27.jar:5.3.27]
	at org.springframework.web.servlet.FrameworkServlet.doGet(FrameworkServlet.java:898) ~[spring-webmvc-5.3.27.jar:5.3.27]
	at javax.servlet.http.HttpServlet.service(HttpServlet.java:529) ~[tomcat-embed-core-9.0.75.jar:4.0.FR]
	at org.springframework.web.servlet.FrameworkServlet.service(FrameworkServlet.java:883) ~[spring-webmvc-5.3.27.jar:5.3.27]
	at javax.servlet.http.HttpServlet.service(HttpServlet.java:623) ~[tomcat-embed-core-9.0.75.jar:4.0.FR]
	at org.apache.catalina.core.ApplicationFilterChain.internalDoFilter(ApplicationFilterChain.java:209) ~[tomcat-embed-core-9.0.75.jar:9.0.75]
	at org.apache.catalina.core.ApplicationFilterChain.doFilter(ApplicationFilterChain.java:153) ~[tomcat-embed-core-9.0.75.jar:9.0.75]
	at org.apache.tomcat.websocket.server.WsFilter.doFilter(WsFilter.java:51) ~[tomcat-embed-websocket-9.0.75.jar:9.0.75]
	at org.apache.catalina.core.ApplicationFilterChain.internalDoFilter(ApplicationFilterChain.java:178) ~[tomcat-embed-core-9.0.75.jar:9.0.75]
	at org.apache.catalina.core.ApplicationFilterChain.doFilter(ApplicationFilterChain.java:153) ~[tomcat-embed-core-9.0.75.jar:9.0.75]
	at org.springframework.web.filter.RequestContextFilter.doFilterInternal(RequestContextFilter.java:100) ~[spring-web-5.3.27.jar:5.3.27]
	at org.springframework.web.filter.OncePerRequestFilter.doFilter(OncePerRequestFilter.java:117) ~[spring-web-5.3.27.jar:5.3.27]
	at org.apache.catalina.core.ApplicationFilterChain.internalDoFilter(ApplicationFilterChain.java:178) ~[tomcat-embed-core-9.0.75.jar:9.0.75]
	at org.apache.catalina.core.ApplicationFilterChain.doFilter(ApplicationFilterChain.java:153) ~[tomcat-embed-core-9.0.75.jar:9.0.75]
	at org.springframework.web.filter.FormContentFilter.doFilterInternal(FormContentFilter.java:93) ~[spring-web-5.3.27.jar:5.3.27]
	at org.springframework.web.filter.OncePerRequestFilter.doFilter(OncePerRequestFilter.java:117) ~[spring-web-5.3.27.jar:5.3.27]
	at org.apache.catalina.core.ApplicationFilterChain.internalDoFilter(ApplicationFilterChain.java:178) ~[tomcat-embed-core-9.0.75.jar:9.0.75]
	at org.apache.catalina.core.ApplicationFilterChain.doFilter(ApplicationFilterChain.java:153) ~[tomcat-embed-core-9.0.75.jar:9.0.75]
	at org.springframework.web.filter.CharacterEncodingFilter.doFilterInternal(CharacterEncodingFilter.java:201) ~[spring-web-5.3.27.jar:5.3.27]
	at org.springframework.web.filter.OncePerRequestFilter.doFilter(OncePerRequestFilter.java:117) ~[spring-web-5.3.27.jar:5.3.27]
	at org.apache.catalina.core.ApplicationFilterChain.internalDoFilter(ApplicationFilterChain.java:178) ~[tomcat-embed-core-9.0.75.jar:9.0.75]
	at org.apache.catalina.core.ApplicationFilterChain.doFilter(ApplicationFilterChain.java:153) ~[tomcat-embed-core-9.0.75.jar:9.0.75]
	at org.apache.catalina.core.StandardWrapperValve.invoke(StandardWrapperValve.java:167) ~[tomcat-embed-core-9.0.75.jar:9.0.75]
	at org.apache.catalina.core.StandardContextValve.invoke(StandardContextValve.java:90) ~[tomcat-embed-core-9.0.75.jar:9.0.75]
	at org.apache.catalina.authenticator.AuthenticatorBase.invoke(AuthenticatorBase.java:481) ~[tomcat-embed-core-9.0.75.jar:9.0.75]
	at org.apache.catalina.core.StandardHostValve.invoke(StandardHostValve.java:130) ~[tomcat-embed-core-9.0.75.jar:9.0.75]
	at org.apache.catalina.valves.ErrorReportValve.invoke(ErrorReportValve.java:93) ~[tomcat-embed-core-9.0.75.jar:9.0.75]
	at org.apache.catalina.core.StandardEngineValve.invoke(StandardEngineValve.java:74) ~[tomcat-embed-core-9.0.75.jar:9.0.75]
	at org.apache.catalina.connector.CoyoteAdapter.service(CoyoteAdapter.java:343) ~[tomcat-embed-core-9.0.75.jar:9.0.75]
	at org.apache.coyote.http11.Http11Processor.service(Http11Processor.java:390) ~[tomcat-embed-core-9.0.75.jar:9.0.75]
	at org.apache.coyote.AbstractProcessorLight.process(AbstractProcessorLight.java:63) ~[tomcat-embed-core-9.0.75.jar:9.0.75]
	at org.apache.coyote.AbstractProtocol$ConnectionHandler.process(AbstractProtocol.java:926) ~[tomcat-embed-core-9.0.75.jar:9.0.75]
	at org.apache.tomcat.util.net.NioEndpoint$SocketProcessor.doRun(NioEndpoint.java:1791) ~[tomcat-embed-core-9.0.75.jar:9.0.75]
	at org.apache.tomcat.util.net.SocketProcessorBase.run(SocketProcessorBase.java:52) ~[tomcat-embed-core-9.0.75.jar:9.0.75]
	at org.apache.tomcat.util.threads.ThreadPoolExecutor.runWorker(ThreadPoolExecutor.java:1191) ~[tomcat-embed-core-9.0.75.jar:9.0.75]
	at org.apache.tomcat.util.threads.ThreadPoolExecutor$Worker.run(ThreadPoolExecutor.java:659) ~[tomcat-embed-core-9.0.75.jar:9.0.75]
	at org.apache.tomcat.util.threads.TaskThread$WrappingRunnable.run(TaskThread.java:61) ~[tomcat-embed-core-9.0.75.jar:9.0.75]
	at java.base/java.lang.Thread.run(Thread.java:833) ~[na:na]
Caused by: org.apache.ibatis.exceptions.PersistenceException: 
### Error querying database.  Cause: org.springframework.jdbc.CannotGetJdbcConnectionException: Failed to obtain JDBC Connection; nested exception is java.sql.SQLNonTransientConnectionException: Could not create connection to database server. Attempted reconnect 3 times. Giving up.
### The error may exist in com/hmall/mapper/ItemMapper.java (best guess)
### The error may involve com.hmall.mapper.ItemMapper.selectPage_mpCount
### The error occurred while executing a query
### Cause: org.springframework.jdbc.CannotGetJdbcConnectionException: Failed to obtain JDBC Connection; nested exception is java.sql.SQLNonTransientConnectionException: Could not create connection to database server. Attempted reconnect 3 times. Giving up.
	at org.apache.ibatis.exceptions.ExceptionFactory.wrapException(ExceptionFactory.java:30) ~[mybatis-3.5.7.jar:3.5.7]
	at org.apache.ibatis.session.defaults.DefaultSqlSession.selectList(DefaultSqlSession.java:153) ~[mybatis-3.5.7.jar:3.5.7]
	at org.apache.ibatis.session.defaults.DefaultSqlSession.selectList(DefaultSqlSession.java:145) ~[mybatis-3.5.7.jar:3.5.7]
	at org.apache.ibatis.session.defaults.DefaultSqlSession.selectList(DefaultSqlSession.java:140) ~[mybatis-3.5.7.jar:3.5.7]
	at java.base/jdk.internal.reflect.NativeMethodAccessorImpl.invoke0(Native Method) ~[na:na]
	at java.base/jdk.internal.reflect.NativeMethodAccessorImpl.invoke(NativeMethodAccessorImpl.java:77) ~[na:na]
	at java.base/jdk.internal.reflect.DelegatingMethodAccessorImpl.invoke(DelegatingMethodAccessorImpl.java:43) ~[na:na]
	at java.base/java.lang.reflect.Method.invoke(Method.java:568) ~[na:na]
	at org.mybatis.spring.SqlSessionTemplate$SqlSessionInterceptor.invoke(SqlSessionTemplate.java:427) ~[mybatis-spring-2.0.6.jar:2.0.6]
	... 66 common frames omitted
Caused by: org.springframework.jdbc.CannotGetJdbcConnectionException: Failed to obtain JDBC Connection; nested exception is java.sql.SQLNonTransientConnectionException: Could not create connection to database server. Attempted reconnect 3 times. Giving up.
	at org.springframework.jdbc.datasource.DataSourceUtils.getConnection(DataSourceUtils.java:83) ~[spring-jdbc-5.3.27.jar:5.3.27]
	at org.mybatis.spring.transaction.SpringManagedTransaction.openConnection(SpringManagedTransaction.java:80) ~[mybatis-spring-2.0.6.jar:2.0.6]
	at org.mybatis.spring.transaction.SpringManagedTransaction.getConnection(SpringManagedTransaction.java:67) ~[mybatis-spring-2.0.6.jar:2.0.6]
	at org.apache.ibatis.executor.BaseExecutor.getConnection(BaseExecutor.java:337) ~[mybatis-3.5.7.jar:3.5.7]
	at org.apache.ibatis.executor.SimpleExecutor.prepareStatement(SimpleExecutor.java:86) ~[mybatis-3.5.7.jar:3.5.7]
	at org.apache.ibatis.executor.SimpleExecutor.doQuery(SimpleExecutor.java:62) ~[mybatis-3.5.7.jar:3.5.7]
	at org.apache.ibatis.executor.BaseExecutor.queryFromDatabase(BaseExecutor.java:325) ~[mybatis-3.5.7.jar:3.5.7]
	at org.apache.ibatis.executor.BaseExecutor.query(BaseExecutor.java:156) ~[mybatis-3.5.7.jar:3.5.7]
	at org.apache.ibatis.executor.CachingExecutor.query(CachingExecutor.java:109) ~[mybatis-3.5.7.jar:3.5.7]
	at com.baomidou.mybatisplus.extension.plugins.inner.PaginationInnerInterceptor.willDoQuery(PaginationInnerInterceptor.java:141) ~[mybatis-plus-extension-3.4.3.jar:3.4.3]
	at com.baomidou.mybatisplus.extension.plugins.MybatisPlusInterceptor.intercept(MybatisPlusInterceptor.java:75) ~[mybatis-plus-extension-3.4.3.jar:3.4.3]
	at org.apache.ibatis.plugin.Plugin.invoke(Plugin.java:62) ~[mybatis-3.5.7.jar:3.5.7]
	at jdk.proxy2/jdk.proxy2.$Proxy131.query(Unknown Source) ~[na:na]
	at org.apache.ibatis.session.defaults.DefaultSqlSession.selectList(DefaultSqlSession.java:151) ~[mybatis-3.5.7.jar:3.5.7]
	... 73 common frames omitted
Caused by: java.sql.SQLNonTransientConnectionException: Could not create connection to database server. Attempted reconnect 3 times. Giving up.
	at com.mysql.cj.jdbc.exceptions.SQLError.createSQLException(SQLError.java:110) ~[mysql-connector-java-8.0.23.jar:8.0.23]
	at com.mysql.cj.jdbc.exceptions.SQLError.createSQLException(SQLError.java:97) ~[mysql-connector-java-8.0.23.jar:8.0.23]
	at com.mysql.cj.jdbc.exceptions.SQLError.createSQLException(SQLError.java:89) ~[mysql-connector-java-8.0.23.jar:8.0.23]
	at com.mysql.cj.jdbc.exceptions.SQLError.createSQLException(SQLError.java:63) ~[mysql-connector-java-8.0.23.jar:8.0.23]
	at com.mysql.cj.jdbc.exceptions.SQLError.createSQLException(SQLError.java:73) ~[mysql-connector-java-8.0.23.jar:8.0.23]
	at com.mysql.cj.jdbc.ConnectionImpl.connectWithRetries(ConnectionImpl.java:903) ~[mysql-connector-java-8.0.23.jar:8.0.23]
	at com.mysql.cj.jdbc.ConnectionImpl.createNewIO(ConnectionImpl.java:828) ~[mysql-connector-java-8.0.23.jar:8.0.23]
	at com.mysql.cj.jdbc.ConnectionImpl.<init>(ConnectionImpl.java:453) ~[mysql-connector-java-8.0.23.jar:8.0.23]
	at com.mysql.cj.jdbc.ConnectionImpl.getInstance(ConnectionImpl.java:246) ~[mysql-connector-java-8.0.23.jar:8.0.23]
	at com.mysql.cj.jdbc.NonRegisteringDriver.connect(NonRegisteringDriver.java:198) ~[mysql-connector-java-8.0.23.jar:8.0.23]
	at com.zaxxer.hikari.util.DriverDataSource.getConnection(DriverDataSource.java:138) ~[HikariCP-4.0.3.jar:na]
	at com.zaxxer.hikari.pool.PoolBase.newConnection(PoolBase.java:364) ~[HikariCP-4.0.3.jar:na]
	at com.zaxxer.hikari.pool.PoolBase.newPoolEntry(PoolBase.java:206) ~[HikariCP-4.0.3.jar:na]
	at com.zaxxer.hikari.pool.HikariPool.createPoolEntry(HikariPool.java:476) ~[HikariCP-4.0.3.jar:na]
	at com.zaxxer.hikari.pool.HikariPool.checkFailFast(HikariPool.java:561) ~[HikariCP-4.0.3.jar:na]
	at com.zaxxer.hikari.pool.HikariPool.<init>(HikariPool.java:115) ~[HikariCP-4.0.3.jar:na]
	at com.zaxxer.hikari.HikariDataSource.getConnection(HikariDataSource.java:112) ~[HikariCP-4.0.3.jar:na]
	at org.springframework.jdbc.datasource.DataSourceUtils.fetchConnection(DataSourceUtils.java:159) ~[spring-jdbc-5.3.27.jar:5.3.27]
	at org.springframework.jdbc.datasource.DataSourceUtils.doGetConnection(DataSourceUtils.java:117) ~[spring-jdbc-5.3.27.jar:5.3.27]
	at org.springframework.jdbc.datasource.DataSourceUtils.getConnection(DataSourceUtils.java:80) ~[spring-jdbc-5.3.27.jar:5.3.27]
	... 86 common frames omitted
Caused by: com.mysql.cj.exceptions.CJCommunicationsException: Communications link failure

The last packet sent successfully to the server was 0 milliseconds ago. The driver has not received any packets from the server.
	at java.base/jdk.internal.reflect.NativeConstructorAccessorImpl.newInstance0(Native Method) ~[na:na]
	at java.base/jdk.internal.reflect.NativeConstructorAccessorImpl.newInstance(NativeConstructorAccessorImpl.java:77) ~[na:na]
	at java.base/jdk.internal.reflect.DelegatingConstructorAccessorImpl.newInstance(DelegatingConstructorAccessorImpl.java:45) ~[na:na]
	at java.base/java.lang.reflect.Constructor.newInstanceWithCaller(Constructor.java:499) ~[na:na]
	at java.base/java.lang.reflect.Constructor.newInstance(Constructor.java:480) ~[na:na]
	at com.mysql.cj.exceptions.ExceptionFactory.createException(ExceptionFactory.java:61) ~[mysql-connector-java-8.0.23.jar:8.0.23]
	at com.mysql.cj.exceptions.ExceptionFactory.createException(ExceptionFactory.java:105) ~[mysql-connector-java-8.0.23.jar:8.0.23]
	at com.mysql.cj.exceptions.ExceptionFactory.createException(ExceptionFactory.java:151) ~[mysql-connector-java-8.0.23.jar:8.0.23]
	at com.mysql.cj.exceptions.ExceptionFactory.createCommunicationsException(ExceptionFactory.java:167) ~[mysql-connector-java-8.0.23.jar:8.0.23]
	at com.mysql.cj.protocol.a.NativeSocketConnection.connect(NativeSocketConnection.java:89) ~[mysql-connector-java-8.0.23.jar:8.0.23]
	at com.mysql.cj.NativeSession.connect(NativeSession.java:144) ~[mysql-connector-java-8.0.23.jar:8.0.23]
	at com.mysql.cj.jdbc.ConnectionImpl.connectWithRetries(ConnectionImpl.java:847) ~[mysql-connector-java-8.0.23.jar:8.0.23]
	... 100 common frames omitted
Caused by: java.net.UnknownHostException: root
	at java.base/java.net.InetAddress$CachedAddresses.get(InetAddress.java:801) ~[na:na]
	at java.base/java.net.InetAddress.getAllByName0(InetAddress.java:1509) ~[na:na]
	at java.base/java.net.InetAddress.getAllByName(InetAddress.java:1367) ~[na:na]
	at java.base/java.net.InetAddress.getAllByName(InetAddress.java:1301) ~[na:na]
	at com.mysql.cj.protocol.StandardSocketFactory.connect(StandardSocketFactory.java:132) ~[mysql-connector-java-8.0.23.jar:8.0.23]
	at com.mysql.cj.protocol.a.NativeSocketConnection.connect(NativeSocketConnection.java:63) ~[mysql-connector-java-8.0.23.jar:8.0.23]
	... 102 common frames omitted

19:08:59:527 ERROR 49536 --- [http-nio-8080-exec-3] c.h.common.advice.CommonExceptionAdvice  : 其他异常 uri : /users/login -> 

org.mybatis.spring.MyBatisSystemException: nested exception is org.apache.ibatis.builder.BuilderException: Error evaluating expression 'ew.sqlSegment != null and ew.sqlSegment != '' and ew.nonEmptyOfWhere'. Cause: org.apache.ibatis.ognl.OgnlException: sqlSegment [java.lang.NoClassDefFoundError: Could not initialize class com.baomidou.mybatisplus.core.toolkit.support.SerializedLambdaMeta]
	at org.mybatis.spring.MyBatisExceptionTranslator.translateExceptionIfPossible(MyBatisExceptionTranslator.java:96) ~[mybatis-spring-2.0.6.jar:2.0.6]
	at org.mybatis.spring.SqlSessionTemplate$SqlSessionInterceptor.invoke(SqlSessionTemplate.java:441) ~[mybatis-spring-2.0.6.jar:2.0.6]
	at jdk.proxy2/jdk.proxy2.$Proxy87.selectOne(Unknown Source) ~[na:na]
	at org.mybatis.spring.SqlSessionTemplate.selectOne(SqlSessionTemplate.java:160) ~[mybatis-spring-2.0.6.jar:2.0.6]
	at com.baomidou.mybatisplus.core.override.MybatisMapperMethod.execute(MybatisMapperMethod.java:89) ~[mybatis-plus-core-3.4.3.jar:3.4.3]
	at com.baomidou.mybatisplus.core.override.MybatisMapperProxy$PlainMethodInvoker.invoke(MybatisMapperProxy.java:148) ~[mybatis-plus-core-3.4.3.jar:3.4.3]
	at com.baomidou.mybatisplus.core.override.MybatisMapperProxy.invoke(MybatisMapperProxy.java:89) ~[mybatis-plus-core-3.4.3.jar:3.4.3]
	at jdk.proxy2/jdk.proxy2.$Proxy99.selectOne(Unknown Source) ~[na:na]
	at com.baomidou.mybatisplus.extension.conditions.query.ChainQuery.one(ChainQuery.java:48) ~[mybatis-plus-extension-3.4.3.jar:3.4.3]
	at com.hmall.service.impl.UserServiceImpl.login(UserServiceImpl.java:46) ~[classes/:na]
	at com.hmall.service.impl.UserServiceImpl$$FastClassBySpringCGLIB$$84609514.invoke(<generated>) ~[classes/:na]
	at org.springframework.cglib.proxy.MethodProxy.invoke(MethodProxy.java:218) ~[spring-core-5.3.27.jar:5.3.27]
	at org.springframework.aop.framework.CglibAopProxy.invokeMethod(CglibAopProxy.java:386) ~[spring-aop-5.3.27.jar:5.3.27]
	at org.springframework.aop.framework.CglibAopProxy.access$000(CglibAopProxy.java:85) ~[spring-aop-5.3.27.jar:5.3.27]
	at org.springframework.aop.framework.CglibAopProxy$DynamicAdvisedInterceptor.intercept(CglibAopProxy.java:704) ~[spring-aop-5.3.27.jar:5.3.27]
	at com.hmall.service.impl.UserServiceImpl$$EnhancerBySpringCGLIB$$5d879290.login(<generated>) ~[classes/:na]
	at com.hmall.controller.UserController.login(UserController.java:25) ~[classes/:na]
	at java.base/jdk.internal.reflect.NativeMethodAccessorImpl.invoke0(Native Method) ~[na:na]
	at java.base/jdk.internal.reflect.NativeMethodAccessorImpl.invoke(NativeMethodAccessorImpl.java:77) ~[na:na]
	at java.base/jdk.internal.reflect.DelegatingMethodAccessorImpl.invoke(DelegatingMethodAccessorImpl.java:43) ~[na:na]
	at java.base/java.lang.reflect.Method.invoke(Method.java:568) ~[na:na]
	at org.springframework.web.method.support.InvocableHandlerMethod.doInvoke(InvocableHandlerMethod.java:205) ~[spring-web-5.3.27.jar:5.3.27]
	at org.springframework.web.method.support.InvocableHandlerMethod.invokeForRequest(InvocableHandlerMethod.java:150) ~[spring-web-5.3.27.jar:5.3.27]
	at org.springframework.web.servlet.mvc.method.annotation.ServletInvocableHandlerMethod.invokeAndHandle(ServletInvocableHandlerMethod.java:117) ~[spring-webmvc-5.3.27.jar:5.3.27]
	at org.springframework.web.servlet.mvc.method.annotation.RequestMappingHandlerAdapter.invokeHandlerMethod(RequestMappingHandlerAdapter.java:895) ~[spring-webmvc-5.3.27.jar:5.3.27]
	at org.springframework.web.servlet.mvc.method.annotation.RequestMappingHandlerAdapter.handleInternal(RequestMappingHandlerAdapter.java:808) ~[spring-webmvc-5.3.27.jar:5.3.27]
	at org.springframework.web.servlet.mvc.method.AbstractHandlerMethodAdapter.handle(AbstractHandlerMethodAdapter.java:87) ~[spring-webmvc-5.3.27.jar:5.3.27]
	at org.springframework.web.servlet.DispatcherServlet.doDispatch(DispatcherServlet.java:1072) ~[spring-webmvc-5.3.27.jar:5.3.27]
	at org.springframework.web.servlet.DispatcherServlet.doService(DispatcherServlet.java:965) ~[spring-webmvc-5.3.27.jar:5.3.27]
	at org.springframework.web.servlet.FrameworkServlet.processRequest(FrameworkServlet.java:1006) ~[spring-webmvc-5.3.27.jar:5.3.27]
	at org.springframework.web.servlet.FrameworkServlet.doPost(FrameworkServlet.java:909) ~[spring-webmvc-5.3.27.jar:5.3.27]
	at javax.servlet.http.HttpServlet.service(HttpServlet.java:555) ~[tomcat-embed-core-9.0.75.jar:4.0.FR]
	at org.springframework.web.servlet.FrameworkServlet.service(FrameworkServlet.java:883) ~[spring-webmvc-5.3.27.jar:5.3.27]
	at javax.servlet.http.HttpServlet.service(HttpServlet.java:623) ~[tomcat-embed-core-9.0.75.jar:4.0.FR]
	at org.apache.catalina.core.ApplicationFilterChain.internalDoFilter(ApplicationFilterChain.java:209) ~[tomcat-embed-core-9.0.75.jar:9.0.75]
	at org.apache.catalina.core.ApplicationFilterChain.doFilter(ApplicationFilterChain.java:153) ~[tomcat-embed-core-9.0.75.jar:9.0.75]
	at org.apache.tomcat.websocket.server.WsFilter.doFilter(WsFilter.java:51) ~[tomcat-embed-websocket-9.0.75.jar:9.0.75]
	at org.apache.catalina.core.ApplicationFilterChain.internalDoFilter(ApplicationFilterChain.java:178) ~[tomcat-embed-core-9.0.75.jar:9.0.75]
	at org.apache.catalina.core.ApplicationFilterChain.doFilter(ApplicationFilterChain.java:153) ~[tomcat-embed-core-9.0.75.jar:9.0.75]
	at org.springframework.web.filter.RequestContextFilter.doFilterInternal(RequestContextFilter.java:100) ~[spring-web-5.3.27.jar:5.3.27]
	at org.springframework.web.filter.OncePerRequestFilter.doFilter(OncePerRequestFilter.java:117) ~[spring-web-5.3.27.jar:5.3.27]
	at org.apache.catalina.core.ApplicationFilterChain.internalDoFilter(ApplicationFilterChain.java:178) ~[tomcat-embed-core-9.0.75.jar:9.0.75]
	at org.apache.catalina.core.ApplicationFilterChain.doFilter(ApplicationFilterChain.java:153) ~[tomcat-embed-core-9.0.75.jar:9.0.75]
	at org.springframework.web.filter.FormContentFilter.doFilterInternal(FormContentFilter.java:93) ~[spring-web-5.3.27.jar:5.3.27]
	at org.springframework.web.filter.OncePerRequestFilter.doFilter(OncePerRequestFilter.java:117) ~[spring-web-5.3.27.jar:5.3.27]
	at org.apache.catalina.core.ApplicationFilterChain.internalDoFilter(ApplicationFilterChain.java:178) ~[tomcat-embed-core-9.0.75.jar:9.0.75]
	at org.apache.catalina.core.ApplicationFilterChain.doFilter(ApplicationFilterChain.java:153) ~[tomcat-embed-core-9.0.75.jar:9.0.75]
	at org.springframework.web.filter.CharacterEncodingFilter.doFilterInternal(CharacterEncodingFilter.java:201) ~[spring-web-5.3.27.jar:5.3.27]
	at org.springframework.web.filter.OncePerRequestFilter.doFilter(OncePerRequestFilter.java:117) ~[spring-web-5.3.27.jar:5.3.27]
	at org.apache.catalina.core.ApplicationFilterChain.internalDoFilter(ApplicationFilterChain.java:178) ~[tomcat-embed-core-9.0.75.jar:9.0.75]
	at org.apache.catalina.core.ApplicationFilterChain.doFilter(ApplicationFilterChain.java:153) ~[tomcat-embed-core-9.0.75.jar:9.0.75]
	at org.apache.catalina.core.StandardWrapperValve.invoke(StandardWrapperValve.java:167) ~[tomcat-embed-core-9.0.75.jar:9.0.75]
	at org.apache.catalina.core.StandardContextValve.invoke(StandardContextValve.java:90) ~[tomcat-embed-core-9.0.75.jar:9.0.75]
	at org.apache.catalina.authenticator.AuthenticatorBase.invoke(AuthenticatorBase.java:481) ~[tomcat-embed-core-9.0.75.jar:9.0.75]
	at org.apache.catalina.core.StandardHostValve.invoke(StandardHostValve.java:130) ~[tomcat-embed-core-9.0.75.jar:9.0.75]
	at org.apache.catalina.valves.ErrorReportValve.invoke(ErrorReportValve.java:93) ~[tomcat-embed-core-9.0.75.jar:9.0.75]
	at org.apache.catalina.core.StandardEngineValve.invoke(StandardEngineValve.java:74) ~[tomcat-embed-core-9.0.75.jar:9.0.75]
	at org.apache.catalina.connector.CoyoteAdapter.service(CoyoteAdapter.java:343) ~[tomcat-embed-core-9.0.75.jar:9.0.75]
	at org.apache.coyote.http11.Http11Processor.service(Http11Processor.java:390) ~[tomcat-embed-core-9.0.75.jar:9.0.75]
	at org.apache.coyote.AbstractProcessorLight.process(AbstractProcessorLight.java:63) ~[tomcat-embed-core-9.0.75.jar:9.0.75]
	at org.apache.coyote.AbstractProtocol$ConnectionHandler.process(AbstractProtocol.java:926) ~[tomcat-embed-core-9.0.75.jar:9.0.75]
	at org.apache.tomcat.util.net.NioEndpoint$SocketProcessor.doRun(NioEndpoint.java:1791) ~[tomcat-embed-core-9.0.75.jar:9.0.75]
	at org.apache.tomcat.util.net.SocketProcessorBase.run(SocketProcessorBase.java:52) ~[tomcat-embed-core-9.0.75.jar:9.0.75]
	at org.apache.tomcat.util.threads.ThreadPoolExecutor.runWorker(ThreadPoolExecutor.java:1191) ~[tomcat-embed-core-9.0.75.jar:9.0.75]
	at org.apache.tomcat.util.threads.ThreadPoolExecutor$Worker.run(ThreadPoolExecutor.java:659) ~[tomcat-embed-core-9.0.75.jar:9.0.75]
	at org.apache.tomcat.util.threads.TaskThread$WrappingRunnable.run(TaskThread.java:61) ~[tomcat-embed-core-9.0.75.jar:9.0.75]
	at java.base/java.lang.Thread.run(Thread.java:833) ~[na:na]
Caused by: org.apache.ibatis.builder.BuilderException: Error evaluating expression 'ew.sqlSegment != null and ew.sqlSegment != '' and ew.nonEmptyOfWhere'. Cause: org.apache.ibatis.ognl.OgnlException: sqlSegment [java.lang.NoClassDefFoundError: Could not initialize class com.baomidou.mybatisplus.core.toolkit.support.SerializedLambdaMeta]
	at org.apache.ibatis.scripting.xmltags.OgnlCache.getValue(OgnlCache.java:48) ~[mybatis-3.5.7.jar:3.5.7]
	at org.apache.ibatis.scripting.xmltags.ExpressionEvaluator.evaluateBoolean(ExpressionEvaluator.java:32) ~[mybatis-3.5.7.jar:3.5.7]
	at org.apache.ibatis.scripting.xmltags.IfSqlNode.apply(IfSqlNode.java:34) ~[mybatis-3.5.7.jar:3.5.7]
	at org.apache.ibatis.scripting.xmltags.MixedSqlNode.lambda$apply$0(MixedSqlNode.java:32) ~[mybatis-3.5.7.jar:3.5.7]
	at java.base/java.util.ArrayList.forEach(ArrayList.java:1511) ~[na:na]
	at org.apache.ibatis.scripting.xmltags.MixedSqlNode.apply(MixedSqlNode.java:32) ~[mybatis-3.5.7.jar:3.5.7]
	at org.apache.ibatis.scripting.xmltags.TrimSqlNode.apply(TrimSqlNode.java:55) ~[mybatis-3.5.7.jar:3.5.7]
	at org.apache.ibatis.scripting.xmltags.MixedSqlNode.lambda$apply$0(MixedSqlNode.java:32) ~[mybatis-3.5.7.jar:3.5.7]
	at java.base/java.util.ArrayList.forEach(ArrayList.java:1511) ~[na:na]
	at org.apache.ibatis.scripting.xmltags.MixedSqlNode.apply(MixedSqlNode.java:32) ~[mybatis-3.5.7.jar:3.5.7]
	at org.apache.ibatis.scripting.xmltags.IfSqlNode.apply(IfSqlNode.java:35) ~[mybatis-3.5.7.jar:3.5.7]
	at org.apache.ibatis.scripting.xmltags.MixedSqlNode.lambda$apply$0(MixedSqlNode.java:32) ~[mybatis-3.5.7.jar:3.5.7]
	at java.base/java.util.ArrayList.forEach(ArrayList.java:1511) ~[na:na]
	at org.apache.ibatis.scripting.xmltags.MixedSqlNode.apply(MixedSqlNode.java:32) ~[mybatis-3.5.7.jar:3.5.7]
	at org.apache.ibatis.scripting.xmltags.DynamicSqlSource.getBoundSql(DynamicSqlSource.java:39) ~[mybatis-3.5.7.jar:3.5.7]
	at org.apache.ibatis.mapping.MappedStatement.getBoundSql(MappedStatement.java:305) ~[mybatis-3.5.7.jar:3.5.7]
	at com.baomidou.mybatisplus.extension.plugins.MybatisPlusInterceptor.intercept(MybatisPlusInterceptor.java:69) ~[mybatis-plus-extension-3.4.3.jar:3.4.3]
	at org.apache.ibatis.plugin.Plugin.invoke(Plugin.java:62) ~[mybatis-3.5.7.jar:3.5.7]
	at jdk.proxy2/jdk.proxy2.$Proxy131.query(Unknown Source) ~[na:na]
	at org.apache.ibatis.session.defaults.DefaultSqlSession.selectList(DefaultSqlSession.java:151) ~[mybatis-3.5.7.jar:3.5.7]
	at org.apache.ibatis.session.defaults.DefaultSqlSession.selectList(DefaultSqlSession.java:145) ~[mybatis-3.5.7.jar:3.5.7]
	at org.apache.ibatis.session.defaults.DefaultSqlSession.selectList(DefaultSqlSession.java:140) ~[mybatis-3.5.7.jar:3.5.7]
	at org.apache.ibatis.session.defaults.DefaultSqlSession.selectOne(DefaultSqlSession.java:76) ~[mybatis-3.5.7.jar:3.5.7]
	at java.base/jdk.internal.reflect.NativeMethodAccessorImpl.invoke0(Native Method) ~[na:na]
	at java.base/jdk.internal.reflect.NativeMethodAccessorImpl.invoke(NativeMethodAccessorImpl.java:77) ~[na:na]
	at java.base/jdk.internal.reflect.DelegatingMethodAccessorImpl.invoke(DelegatingMethodAccessorImpl.java:43) ~[na:na]
	at java.base/java.lang.reflect.Method.invoke(Method.java:568) ~[na:na]
	at org.mybatis.spring.SqlSessionTemplate$SqlSessionInterceptor.invoke(SqlSessionTemplate.java:427) ~[mybatis-spring-2.0.6.jar:2.0.6]
	... 65 common frames omitted
Caused by: org.apache.ibatis.ognl.OgnlException: sqlSegment
	at org.apache.ibatis.ognl.OgnlRuntime.getMethodValue(OgnlRuntime.java:2165) ~[mybatis-3.5.7.jar:3.5.7]
	at org.apache.ibatis.ognl.ObjectPropertyAccessor.getPossibleProperty(ObjectPropertyAccessor.java:66) ~[mybatis-3.5.7.jar:3.5.7]
	at org.apache.ibatis.ognl.ObjectPropertyAccessor.getProperty(ObjectPropertyAccessor.java:160) ~[mybatis-3.5.7.jar:3.5.7]
	at org.apache.ibatis.ognl.OgnlRuntime.getProperty(OgnlRuntime.java:3373) ~[mybatis-3.5.7.jar:3.5.7]
	at org.apache.ibatis.ognl.ASTProperty.getValueBody(ASTProperty.java:121) ~[mybatis-3.5.7.jar:3.5.7]
	at org.apache.ibatis.ognl.SimpleNode.evaluateGetValueBody(SimpleNode.java:212) ~[mybatis-3.5.7.jar:3.5.7]
	at org.apache.ibatis.ognl.SimpleNode.getValue(SimpleNode.java:258) ~[mybatis-3.5.7.jar:3.5.7]
	at org.apache.ibatis.ognl.ASTChain.getValueBody(ASTChain.java:141) ~[mybatis-3.5.7.jar:3.5.7]
	at org.apache.ibatis.ognl.SimpleNode.evaluateGetValueBody(SimpleNode.java:212) ~[mybatis-3.5.7.jar:3.5.7]
	at org.apache.ibatis.ognl.SimpleNode.getValue(SimpleNode.java:258) ~[mybatis-3.5.7.jar:3.5.7]
	at org.apache.ibatis.ognl.ASTNotEq.getValueBody(ASTNotEq.java:50) ~[mybatis-3.5.7.jar:3.5.7]
	at org.apache.ibatis.ognl.SimpleNode.evaluateGetValueBody(SimpleNode.java:212) ~[mybatis-3.5.7.jar:3.5.7]
	at org.apache.ibatis.ognl.SimpleNode.getValue(SimpleNode.java:258) ~[mybatis-3.5.7.jar:3.5.7]
	at org.apache.ibatis.ognl.ASTAnd.getValueBody(ASTAnd.java:61) ~[mybatis-3.5.7.jar:3.5.7]
	at org.apache.ibatis.ognl.SimpleNode.evaluateGetValueBody(SimpleNode.java:212) ~[mybatis-3.5.7.jar:3.5.7]
	at org.apache.ibatis.ognl.SimpleNode.getValue(SimpleNode.java:258) ~[mybatis-3.5.7.jar:3.5.7]
	at org.apache.ibatis.ognl.Ognl.getValue(Ognl.java:586) ~[mybatis-3.5.7.jar:3.5.7]
	at org.apache.ibatis.ognl.Ognl.getValue(Ognl.java:550) ~[mybatis-3.5.7.jar:3.5.7]
	at org.apache.ibatis.scripting.xmltags.OgnlCache.getValue(OgnlCache.java:46) ~[mybatis-3.5.7.jar:3.5.7]
	... 92 common frames omitted
Caused by: java.lang.NoClassDefFoundError: Could not initialize class com.baomidou.mybatisplus.core.toolkit.support.SerializedLambdaMeta
	at com.baomidou.mybatisplus.core.toolkit.LambdaUtils.extract(LambdaUtils.java:55) ~[mybatis-plus-core-3.4.3.jar:3.4.3]
	at com.baomidou.mybatisplus.core.conditions.AbstractLambdaWrapper.getColumnCache(AbstractLambdaWrapper.java:75) ~[mybatis-plus-core-3.4.3.jar:3.4.3]
	at com.baomidou.mybatisplus.core.conditions.AbstractLambdaWrapper.columnToString(AbstractLambdaWrapper.java:62) ~[mybatis-plus-core-3.4.3.jar:3.4.3]
	at com.baomidou.mybatisplus.core.conditions.AbstractLambdaWrapper.columnToString(AbstractLambdaWrapper.java:58) ~[mybatis-plus-core-3.4.3.jar:3.4.3]
	at com.baomidou.mybatisplus.core.conditions.AbstractLambdaWrapper.columnToString(AbstractLambdaWrapper.java:38) ~[mybatis-plus-core-3.4.3.jar:3.4.3]
	at com.baomidou.mybatisplus.core.conditions.AbstractWrapper.lambda$columnToSqlSegment$a3f115af$1(AbstractWrapper.java:575) ~[mybatis-plus-core-3.4.3.jar:3.4.3]
	at java.base/java.util.stream.ReferencePipeline$3$1.accept(ReferencePipeline.java:197) ~[na:na]
	at java.base/java.util.ArrayList$ArrayListSpliterator.forEachRemaining(ArrayList.java:1625) ~[na:na]
	at java.base/java.util.stream.AbstractPipeline.copyInto(AbstractPipeline.java:509) ~[na:na]
	at java.base/java.util.stream.AbstractPipeline.wrapAndCopyInto(AbstractPipeline.java:499) ~[na:na]
	at java.base/java.util.stream.ReduceOps$ReduceOp.evaluateSequential(ReduceOps.java:921) ~[na:na]
	at java.base/java.util.stream.AbstractPipeline.evaluate(AbstractPipeline.java:234) ~[na:na]
	at java.base/java.util.stream.ReferencePipeline.collect(ReferencePipeline.java:682) ~[na:na]
	at com.baomidou.mybatisplus.core.conditions.segments.NormalSegmentList.childrenSqlSegment(NormalSegmentList.java:89) ~[mybatis-plus-core-3.4.3.jar:3.4.3]
	at com.baomidou.mybatisplus.core.conditions.segments.AbstractISegmentList.getSqlSegment(AbstractISegmentList.java:103) ~[mybatis-plus-core-3.4.3.jar:3.4.3]
	at com.baomidou.mybatisplus.core.conditions.segments.MergeSegments.getSqlSegment(MergeSegments.java:72) ~[mybatis-plus-core-3.4.3.jar:3.4.3]
	at com.baomidou.mybatisplus.core.conditions.AbstractWrapper.getSqlSegment(AbstractWrapper.java:525) ~[mybatis-plus-core-3.4.3.jar:3.4.3]
	at java.base/jdk.internal.reflect.NativeMethodAccessorImpl.invoke0(Native Method) ~[na:na]
	at java.base/jdk.internal.reflect.NativeMethodAccessorImpl.invoke(NativeMethodAccessorImpl.java:77) ~[na:na]
	at java.base/jdk.internal.reflect.DelegatingMethodAccessorImpl.invoke(DelegatingMethodAccessorImpl.java:43) ~[na:na]
	at java.base/java.lang.reflect.Method.invoke(Method.java:568) ~[na:na]
	at org.apache.ibatis.ognl.OgnlRuntime.invokeMethodInsideSandbox(OgnlRuntime.java:1266) ~[mybatis-3.5.7.jar:3.5.7]
	at org.apache.ibatis.ognl.OgnlRuntime.invokeMethod(OgnlRuntime.java:1251) ~[mybatis-3.5.7.jar:3.5.7]
	at org.apache.ibatis.ognl.OgnlRuntime.getMethodValue(OgnlRuntime.java:2163) ~[mybatis-3.5.7.jar:3.5.7]
	... 110 common frames omitted

19:09:32:532 ERROR 49536 --- [http-nio-8080-exec-5] c.h.common.advice.CommonExceptionAdvice  : 其他异常 uri : /users/login -> 

org.mybatis.spring.MyBatisSystemException: nested exception is org.apache.ibatis.builder.BuilderException: Error evaluating expression 'ew.sqlSegment != null and ew.sqlSegment != '' and ew.nonEmptyOfWhere'. Cause: org.apache.ibatis.ognl.OgnlException: sqlSegment [java.lang.NoClassDefFoundError: Could not initialize class com.baomidou.mybatisplus.core.toolkit.support.SerializedLambdaMeta]
	at org.mybatis.spring.MyBatisExceptionTranslator.translateExceptionIfPossible(MyBatisExceptionTranslator.java:96) ~[mybatis-spring-2.0.6.jar:2.0.6]
	at org.mybatis.spring.SqlSessionTemplate$SqlSessionInterceptor.invoke(SqlSessionTemplate.java:441) ~[mybatis-spring-2.0.6.jar:2.0.6]
	at jdk.proxy2/jdk.proxy2.$Proxy87.selectOne(Unknown Source) ~[na:na]
	at org.mybatis.spring.SqlSessionTemplate.selectOne(SqlSessionTemplate.java:160) ~[mybatis-spring-2.0.6.jar:2.0.6]
	at com.baomidou.mybatisplus.core.override.MybatisMapperMethod.execute(MybatisMapperMethod.java:89) ~[mybatis-plus-core-3.4.3.jar:3.4.3]
	at com.baomidou.mybatisplus.core.override.MybatisMapperProxy$PlainMethodInvoker.invoke(MybatisMapperProxy.java:148) ~[mybatis-plus-core-3.4.3.jar:3.4.3]
	at com.baomidou.mybatisplus.core.override.MybatisMapperProxy.invoke(MybatisMapperProxy.java:89) ~[mybatis-plus-core-3.4.3.jar:3.4.3]
	at jdk.proxy2/jdk.proxy2.$Proxy99.selectOne(Unknown Source) ~[na:na]
	at com.baomidou.mybatisplus.extension.conditions.query.ChainQuery.one(ChainQuery.java:48) ~[mybatis-plus-extension-3.4.3.jar:3.4.3]
	at com.hmall.service.impl.UserServiceImpl.login(UserServiceImpl.java:46) ~[classes/:na]
	at com.hmall.service.impl.UserServiceImpl$$FastClassBySpringCGLIB$$84609514.invoke(<generated>) ~[classes/:na]
	at org.springframework.cglib.proxy.MethodProxy.invoke(MethodProxy.java:218) ~[spring-core-5.3.27.jar:5.3.27]
	at org.springframework.aop.framework.CglibAopProxy.invokeMethod(CglibAopProxy.java:386) ~[spring-aop-5.3.27.jar:5.3.27]
	at org.springframework.aop.framework.CglibAopProxy.access$000(CglibAopProxy.java:85) ~[spring-aop-5.3.27.jar:5.3.27]
	at org.springframework.aop.framework.CglibAopProxy$DynamicAdvisedInterceptor.intercept(CglibAopProxy.java:704) ~[spring-aop-5.3.27.jar:5.3.27]
	at com.hmall.service.impl.UserServiceImpl$$EnhancerBySpringCGLIB$$5d879290.login(<generated>) ~[classes/:na]
	at com.hmall.controller.UserController.login(UserController.java:25) ~[classes/:na]
	at java.base/jdk.internal.reflect.NativeMethodAccessorImpl.invoke0(Native Method) ~[na:na]
	at java.base/jdk.internal.reflect.NativeMethodAccessorImpl.invoke(NativeMethodAccessorImpl.java:77) ~[na:na]
	at java.base/jdk.internal.reflect.DelegatingMethodAccessorImpl.invoke(DelegatingMethodAccessorImpl.java:43) ~[na:na]
	at java.base/java.lang.reflect.Method.invoke(Method.java:568) ~[na:na]
	at org.springframework.web.method.support.InvocableHandlerMethod.doInvoke(InvocableHandlerMethod.java:205) ~[spring-web-5.3.27.jar:5.3.27]
	at org.springframework.web.method.support.InvocableHandlerMethod.invokeForRequest(InvocableHandlerMethod.java:150) ~[spring-web-5.3.27.jar:5.3.27]
	at org.springframework.web.servlet.mvc.method.annotation.ServletInvocableHandlerMethod.invokeAndHandle(ServletInvocableHandlerMethod.java:117) ~[spring-webmvc-5.3.27.jar:5.3.27]
	at org.springframework.web.servlet.mvc.method.annotation.RequestMappingHandlerAdapter.invokeHandlerMethod(RequestMappingHandlerAdapter.java:895) ~[spring-webmvc-5.3.27.jar:5.3.27]
	at org.springframework.web.servlet.mvc.method.annotation.RequestMappingHandlerAdapter.handleInternal(RequestMappingHandlerAdapter.java:808) ~[spring-webmvc-5.3.27.jar:5.3.27]
	at org.springframework.web.servlet.mvc.method.AbstractHandlerMethodAdapter.handle(AbstractHandlerMethodAdapter.java:87) ~[spring-webmvc-5.3.27.jar:5.3.27]
	at org.springframework.web.servlet.DispatcherServlet.doDispatch(DispatcherServlet.java:1072) ~[spring-webmvc-5.3.27.jar:5.3.27]
	at org.springframework.web.servlet.DispatcherServlet.doService(DispatcherServlet.java:965) ~[spring-webmvc-5.3.27.jar:5.3.27]
	at org.springframework.web.servlet.FrameworkServlet.processRequest(FrameworkServlet.java:1006) ~[spring-webmvc-5.3.27.jar:5.3.27]
	at org.springframework.web.servlet.FrameworkServlet.doPost(FrameworkServlet.java:909) ~[spring-webmvc-5.3.27.jar:5.3.27]
	at javax.servlet.http.HttpServlet.service(HttpServlet.java:555) ~[tomcat-embed-core-9.0.75.jar:4.0.FR]
	at org.springframework.web.servlet.FrameworkServlet.service(FrameworkServlet.java:883) ~[spring-webmvc-5.3.27.jar:5.3.27]
	at javax.servlet.http.HttpServlet.service(HttpServlet.java:623) ~[tomcat-embed-core-9.0.75.jar:4.0.FR]
	at org.apache.catalina.core.ApplicationFilterChain.internalDoFilter(ApplicationFilterChain.java:209) ~[tomcat-embed-core-9.0.75.jar:9.0.75]
	at org.apache.catalina.core.ApplicationFilterChain.doFilter(ApplicationFilterChain.java:153) ~[tomcat-embed-core-9.0.75.jar:9.0.75]
	at org.apache.tomcat.websocket.server.WsFilter.doFilter(WsFilter.java:51) ~[tomcat-embed-websocket-9.0.75.jar:9.0.75]
	at org.apache.catalina.core.ApplicationFilterChain.internalDoFilter(ApplicationFilterChain.java:178) ~[tomcat-embed-core-9.0.75.jar:9.0.75]
	at org.apache.catalina.core.ApplicationFilterChain.doFilter(ApplicationFilterChain.java:153) ~[tomcat-embed-core-9.0.75.jar:9.0.75]
	at org.springframework.web.filter.RequestContextFilter.doFilterInternal(RequestContextFilter.java:100) ~[spring-web-5.3.27.jar:5.3.27]
	at org.springframework.web.filter.OncePerRequestFilter.doFilter(OncePerRequestFilter.java:117) ~[spring-web-5.3.27.jar:5.3.27]
	at org.apache.catalina.core.ApplicationFilterChain.internalDoFilter(ApplicationFilterChain.java:178) ~[tomcat-embed-core-9.0.75.jar:9.0.75]
	at org.apache.catalina.core.ApplicationFilterChain.doFilter(ApplicationFilterChain.java:153) ~[tomcat-embed-core-9.0.75.jar:9.0.75]
	at org.springframework.web.filter.FormContentFilter.doFilterInternal(FormContentFilter.java:93) ~[spring-web-5.3.27.jar:5.3.27]
	at org.springframework.web.filter.OncePerRequestFilter.doFilter(OncePerRequestFilter.java:117) ~[spring-web-5.3.27.jar:5.3.27]
	at org.apache.catalina.core.ApplicationFilterChain.internalDoFilter(ApplicationFilterChain.java:178) ~[tomcat-embed-core-9.0.75.jar:9.0.75]
	at org.apache.catalina.core.ApplicationFilterChain.doFilter(ApplicationFilterChain.java:153) ~[tomcat-embed-core-9.0.75.jar:9.0.75]
	at org.springframework.web.filter.CharacterEncodingFilter.doFilterInternal(CharacterEncodingFilter.java:201) ~[spring-web-5.3.27.jar:5.3.27]
	at org.springframework.web.filter.OncePerRequestFilter.doFilter(OncePerRequestFilter.java:117) ~[spring-web-5.3.27.jar:5.3.27]
	at org.apache.catalina.core.ApplicationFilterChain.internalDoFilter(ApplicationFilterChain.java:178) ~[tomcat-embed-core-9.0.75.jar:9.0.75]
	at org.apache.catalina.core.ApplicationFilterChain.doFilter(ApplicationFilterChain.java:153) ~[tomcat-embed-core-9.0.75.jar:9.0.75]
	at org.apache.catalina.core.StandardWrapperValve.invoke(StandardWrapperValve.java:167) ~[tomcat-embed-core-9.0.75.jar:9.0.75]
	at org.apache.catalina.core.StandardContextValve.invoke(StandardContextValve.java:90) ~[tomcat-embed-core-9.0.75.jar:9.0.75]
	at org.apache.catalina.authenticator.AuthenticatorBase.invoke(AuthenticatorBase.java:481) ~[tomcat-embed-core-9.0.75.jar:9.0.75]
	at org.apache.catalina.core.StandardHostValve.invoke(StandardHostValve.java:130) ~[tomcat-embed-core-9.0.75.jar:9.0.75]
	at org.apache.catalina.valves.ErrorReportValve.invoke(ErrorReportValve.java:93) ~[tomcat-embed-core-9.0.75.jar:9.0.75]
	at org.apache.catalina.core.StandardEngineValve.invoke(StandardEngineValve.java:74) ~[tomcat-embed-core-9.0.75.jar:9.0.75]
	at org.apache.catalina.connector.CoyoteAdapter.service(CoyoteAdapter.java:343) ~[tomcat-embed-core-9.0.75.jar:9.0.75]
	at org.apache.coyote.http11.Http11Processor.service(Http11Processor.java:390) ~[tomcat-embed-core-9.0.75.jar:9.0.75]
	at org.apache.coyote.AbstractProcessorLight.process(AbstractProcessorLight.java:63) ~[tomcat-embed-core-9.0.75.jar:9.0.75]
	at org.apache.coyote.AbstractProtocol$ConnectionHandler.process(AbstractProtocol.java:926) ~[tomcat-embed-core-9.0.75.jar:9.0.75]
	at org.apache.tomcat.util.net.NioEndpoint$SocketProcessor.doRun(NioEndpoint.java:1791) ~[tomcat-embed-core-9.0.75.jar:9.0.75]
	at org.apache.tomcat.util.net.SocketProcessorBase.run(SocketProcessorBase.java:52) ~[tomcat-embed-core-9.0.75.jar:9.0.75]
	at org.apache.tomcat.util.threads.ThreadPoolExecutor.runWorker(ThreadPoolExecutor.java:1191) ~[tomcat-embed-core-9.0.75.jar:9.0.75]
	at org.apache.tomcat.util.threads.ThreadPoolExecutor$Worker.run(ThreadPoolExecutor.java:659) ~[tomcat-embed-core-9.0.75.jar:9.0.75]
	at org.apache.tomcat.util.threads.TaskThread$WrappingRunnable.run(TaskThread.java:61) ~[tomcat-embed-core-9.0.75.jar:9.0.75]
	at java.base/java.lang.Thread.run(Thread.java:833) ~[na:na]
Caused by: org.apache.ibatis.builder.BuilderException: Error evaluating expression 'ew.sqlSegment != null and ew.sqlSegment != '' and ew.nonEmptyOfWhere'. Cause: org.apache.ibatis.ognl.OgnlException: sqlSegment [java.lang.NoClassDefFoundError: Could not initialize class com.baomidou.mybatisplus.core.toolkit.support.SerializedLambdaMeta]
	at org.apache.ibatis.scripting.xmltags.OgnlCache.getValue(OgnlCache.java:48) ~[mybatis-3.5.7.jar:3.5.7]
	at org.apache.ibatis.scripting.xmltags.ExpressionEvaluator.evaluateBoolean(ExpressionEvaluator.java:32) ~[mybatis-3.5.7.jar:3.5.7]
	at org.apache.ibatis.scripting.xmltags.IfSqlNode.apply(IfSqlNode.java:34) ~[mybatis-3.5.7.jar:3.5.7]
	at org.apache.ibatis.scripting.xmltags.MixedSqlNode.lambda$apply$0(MixedSqlNode.java:32) ~[mybatis-3.5.7.jar:3.5.7]
	at java.base/java.util.ArrayList.forEach(ArrayList.java:1511) ~[na:na]
	at org.apache.ibatis.scripting.xmltags.MixedSqlNode.apply(MixedSqlNode.java:32) ~[mybatis-3.5.7.jar:3.5.7]
	at org.apache.ibatis.scripting.xmltags.TrimSqlNode.apply(TrimSqlNode.java:55) ~[mybatis-3.5.7.jar:3.5.7]
	at org.apache.ibatis.scripting.xmltags.MixedSqlNode.lambda$apply$0(MixedSqlNode.java:32) ~[mybatis-3.5.7.jar:3.5.7]
	at java.base/java.util.ArrayList.forEach(ArrayList.java:1511) ~[na:na]
	at org.apache.ibatis.scripting.xmltags.MixedSqlNode.apply(MixedSqlNode.java:32) ~[mybatis-3.5.7.jar:3.5.7]
	at org.apache.ibatis.scripting.xmltags.IfSqlNode.apply(IfSqlNode.java:35) ~[mybatis-3.5.7.jar:3.5.7]
	at org.apache.ibatis.scripting.xmltags.MixedSqlNode.lambda$apply$0(MixedSqlNode.java:32) ~[mybatis-3.5.7.jar:3.5.7]
	at java.base/java.util.ArrayList.forEach(ArrayList.java:1511) ~[na:na]
	at org.apache.ibatis.scripting.xmltags.MixedSqlNode.apply(MixedSqlNode.java:32) ~[mybatis-3.5.7.jar:3.5.7]
	at org.apache.ibatis.scripting.xmltags.DynamicSqlSource.getBoundSql(DynamicSqlSource.java:39) ~[mybatis-3.5.7.jar:3.5.7]
	at org.apache.ibatis.mapping.MappedStatement.getBoundSql(MappedStatement.java:305) ~[mybatis-3.5.7.jar:3.5.7]
	at com.baomidou.mybatisplus.extension.plugins.MybatisPlusInterceptor.intercept(MybatisPlusInterceptor.java:69) ~[mybatis-plus-extension-3.4.3.jar:3.4.3]
	at org.apache.ibatis.plugin.Plugin.invoke(Plugin.java:62) ~[mybatis-3.5.7.jar:3.5.7]
	at jdk.proxy2/jdk.proxy2.$Proxy131.query(Unknown Source) ~[na:na]
	at org.apache.ibatis.session.defaults.DefaultSqlSession.selectList(DefaultSqlSession.java:151) ~[mybatis-3.5.7.jar:3.5.7]
	at org.apache.ibatis.session.defaults.DefaultSqlSession.selectList(DefaultSqlSession.java:145) ~[mybatis-3.5.7.jar:3.5.7]
	at org.apache.ibatis.session.defaults.DefaultSqlSession.selectList(DefaultSqlSession.java:140) ~[mybatis-3.5.7.jar:3.5.7]
	at org.apache.ibatis.session.defaults.DefaultSqlSession.selectOne(DefaultSqlSession.java:76) ~[mybatis-3.5.7.jar:3.5.7]
	at java.base/jdk.internal.reflect.NativeMethodAccessorImpl.invoke0(Native Method) ~[na:na]
	at java.base/jdk.internal.reflect.NativeMethodAccessorImpl.invoke(NativeMethodAccessorImpl.java:77) ~[na:na]
	at java.base/jdk.internal.reflect.DelegatingMethodAccessorImpl.invoke(DelegatingMethodAccessorImpl.java:43) ~[na:na]
	at java.base/java.lang.reflect.Method.invoke(Method.java:568) ~[na:na]
	at org.mybatis.spring.SqlSessionTemplate$SqlSessionInterceptor.invoke(SqlSessionTemplate.java:427) ~[mybatis-spring-2.0.6.jar:2.0.6]
	... 65 common frames omitted
Caused by: org.apache.ibatis.ognl.OgnlException: sqlSegment
	at org.apache.ibatis.ognl.OgnlRuntime.getMethodValue(OgnlRuntime.java:2165) ~[mybatis-3.5.7.jar:3.5.7]
	at org.apache.ibatis.ognl.ObjectPropertyAccessor.getPossibleProperty(ObjectPropertyAccessor.java:66) ~[mybatis-3.5.7.jar:3.5.7]
	at org.apache.ibatis.ognl.ObjectPropertyAccessor.getProperty(ObjectPropertyAccessor.java:160) ~[mybatis-3.5.7.jar:3.5.7]
	at org.apache.ibatis.ognl.OgnlRuntime.getProperty(OgnlRuntime.java:3373) ~[mybatis-3.5.7.jar:3.5.7]
	at org.apache.ibatis.ognl.ASTProperty.getValueBody(ASTProperty.java:121) ~[mybatis-3.5.7.jar:3.5.7]
	at org.apache.ibatis.ognl.SimpleNode.evaluateGetValueBody(SimpleNode.java:212) ~[mybatis-3.5.7.jar:3.5.7]
	at org.apache.ibatis.ognl.SimpleNode.getValue(SimpleNode.java:258) ~[mybatis-3.5.7.jar:3.5.7]
	at org.apache.ibatis.ognl.ASTChain.getValueBody(ASTChain.java:141) ~[mybatis-3.5.7.jar:3.5.7]
	at org.apache.ibatis.ognl.SimpleNode.evaluateGetValueBody(SimpleNode.java:212) ~[mybatis-3.5.7.jar:3.5.7]
	at org.apache.ibatis.ognl.SimpleNode.getValue(SimpleNode.java:258) ~[mybatis-3.5.7.jar:3.5.7]
	at org.apache.ibatis.ognl.ASTNotEq.getValueBody(ASTNotEq.java:50) ~[mybatis-3.5.7.jar:3.5.7]
	at org.apache.ibatis.ognl.SimpleNode.evaluateGetValueBody(SimpleNode.java:212) ~[mybatis-3.5.7.jar:3.5.7]
	at org.apache.ibatis.ognl.SimpleNode.getValue(SimpleNode.java:258) ~[mybatis-3.5.7.jar:3.5.7]
	at org.apache.ibatis.ognl.ASTAnd.getValueBody(ASTAnd.java:61) ~[mybatis-3.5.7.jar:3.5.7]
	at org.apache.ibatis.ognl.SimpleNode.evaluateGetValueBody(SimpleNode.java:212) ~[mybatis-3.5.7.jar:3.5.7]
	at org.apache.ibatis.ognl.SimpleNode.getValue(SimpleNode.java:258) ~[mybatis-3.5.7.jar:3.5.7]
	at org.apache.ibatis.ognl.Ognl.getValue(Ognl.java:586) ~[mybatis-3.5.7.jar:3.5.7]
	at org.apache.ibatis.ognl.Ognl.getValue(Ognl.java:550) ~[mybatis-3.5.7.jar:3.5.7]
	at org.apache.ibatis.scripting.xmltags.OgnlCache.getValue(OgnlCache.java:46) ~[mybatis-3.5.7.jar:3.5.7]
	... 92 common frames omitted
Caused by: java.lang.NoClassDefFoundError: Could not initialize class com.baomidou.mybatisplus.core.toolkit.support.SerializedLambdaMeta
	at com.baomidou.mybatisplus.core.toolkit.LambdaUtils.extract(LambdaUtils.java:55) ~[mybatis-plus-core-3.4.3.jar:3.4.3]
	at com.baomidou.mybatisplus.core.conditions.AbstractLambdaWrapper.getColumnCache(AbstractLambdaWrapper.java:75) ~[mybatis-plus-core-3.4.3.jar:3.4.3]
	at com.baomidou.mybatisplus.core.conditions.AbstractLambdaWrapper.columnToString(AbstractLambdaWrapper.java:62) ~[mybatis-plus-core-3.4.3.jar:3.4.3]
	at com.baomidou.mybatisplus.core.conditions.AbstractLambdaWrapper.columnToString(AbstractLambdaWrapper.java:58) ~[mybatis-plus-core-3.4.3.jar:3.4.3]
	at com.baomidou.mybatisplus.core.conditions.AbstractLambdaWrapper.columnToString(AbstractLambdaWrapper.java:38) ~[mybatis-plus-core-3.4.3.jar:3.4.3]
	at com.baomidou.mybatisplus.core.conditions.AbstractWrapper.lambda$columnToSqlSegment$a3f115af$1(AbstractWrapper.java:575) ~[mybatis-plus-core-3.4.3.jar:3.4.3]
	at java.base/java.util.stream.ReferencePipeline$3$1.accept(ReferencePipeline.java:197) ~[na:na]
	at java.base/java.util.ArrayList$ArrayListSpliterator.forEachRemaining(ArrayList.java:1625) ~[na:na]
	at java.base/java.util.stream.AbstractPipeline.copyInto(AbstractPipeline.java:509) ~[na:na]
	at java.base/java.util.stream.AbstractPipeline.wrapAndCopyInto(AbstractPipeline.java:499) ~[na:na]
	at java.base/java.util.stream.ReduceOps$ReduceOp.evaluateSequential(ReduceOps.java:921) ~[na:na]
	at java.base/java.util.stream.AbstractPipeline.evaluate(AbstractPipeline.java:234) ~[na:na]
	at java.base/java.util.stream.ReferencePipeline.collect(ReferencePipeline.java:682) ~[na:na]
	at com.baomidou.mybatisplus.core.conditions.segments.NormalSegmentList.childrenSqlSegment(NormalSegmentList.java:89) ~[mybatis-plus-core-3.4.3.jar:3.4.3]
	at com.baomidou.mybatisplus.core.conditions.segments.AbstractISegmentList.getSqlSegment(AbstractISegmentList.java:103) ~[mybatis-plus-core-3.4.3.jar:3.4.3]
	at com.baomidou.mybatisplus.core.conditions.segments.MergeSegments.getSqlSegment(MergeSegments.java:72) ~[mybatis-plus-core-3.4.3.jar:3.4.3]
	at com.baomidou.mybatisplus.core.conditions.AbstractWrapper.getSqlSegment(AbstractWrapper.java:525) ~[mybatis-plus-core-3.4.3.jar:3.4.3]
	at java.base/jdk.internal.reflect.NativeMethodAccessorImpl.invoke0(Native Method) ~[na:na]
	at java.base/jdk.internal.reflect.NativeMethodAccessorImpl.invoke(NativeMethodAccessorImpl.java:77) ~[na:na]
	at java.base/jdk.internal.reflect.DelegatingMethodAccessorImpl.invoke(DelegatingMethodAccessorImpl.java:43) ~[na:na]
	at java.base/java.lang.reflect.Method.invoke(Method.java:568) ~[na:na]
	at org.apache.ibatis.ognl.OgnlRuntime.invokeMethodInsideSandbox(OgnlRuntime.java:1266) ~[mybatis-3.5.7.jar:3.5.7]
	at org.apache.ibatis.ognl.OgnlRuntime.invokeMethod(OgnlRuntime.java:1251) ~[mybatis-3.5.7.jar:3.5.7]
	at org.apache.ibatis.ognl.OgnlRuntime.getMethodValue(OgnlRuntime.java:2163) ~[mybatis-3.5.7.jar:3.5.7]
	... 110 common frames omitted

19:10:21:951 ERROR 49536 --- [http-nio-8080-exec-1] c.h.common.advice.CommonExceptionAdvice  : 其他异常 uri : /users/login -> 

org.mybatis.spring.MyBatisSystemException: nested exception is org.apache.ibatis.builder.BuilderException: Error evaluating expression 'ew.sqlSegment != null and ew.sqlSegment != '' and ew.nonEmptyOfWhere'. Cause: org.apache.ibatis.ognl.OgnlException: sqlSegment [java.lang.NoClassDefFoundError: Could not initialize class com.baomidou.mybatisplus.core.toolkit.support.SerializedLambdaMeta]
	at org.mybatis.spring.MyBatisExceptionTranslator.translateExceptionIfPossible(MyBatisExceptionTranslator.java:96) ~[mybatis-spring-2.0.6.jar:2.0.6]
	at org.mybatis.spring.SqlSessionTemplate$SqlSessionInterceptor.invoke(SqlSessionTemplate.java:441) ~[mybatis-spring-2.0.6.jar:2.0.6]
	at jdk.proxy2/jdk.proxy2.$Proxy87.selectOne(Unknown Source) ~[na:na]
	at org.mybatis.spring.SqlSessionTemplate.selectOne(SqlSessionTemplate.java:160) ~[mybatis-spring-2.0.6.jar:2.0.6]
	at com.baomidou.mybatisplus.core.override.MybatisMapperMethod.execute(MybatisMapperMethod.java:89) ~[mybatis-plus-core-3.4.3.jar:3.4.3]
	at com.baomidou.mybatisplus.core.override.MybatisMapperProxy$PlainMethodInvoker.invoke(MybatisMapperProxy.java:148) ~[mybatis-plus-core-3.4.3.jar:3.4.3]
	at com.baomidou.mybatisplus.core.override.MybatisMapperProxy.invoke(MybatisMapperProxy.java:89) ~[mybatis-plus-core-3.4.3.jar:3.4.3]
	at jdk.proxy2/jdk.proxy2.$Proxy99.selectOne(Unknown Source) ~[na:na]
	at com.baomidou.mybatisplus.extension.conditions.query.ChainQuery.one(ChainQuery.java:48) ~[mybatis-plus-extension-3.4.3.jar:3.4.3]
	at com.hmall.service.impl.UserServiceImpl.login(UserServiceImpl.java:46) ~[classes/:na]
	at com.hmall.service.impl.UserServiceImpl$$FastClassBySpringCGLIB$$84609514.invoke(<generated>) ~[classes/:na]
	at org.springframework.cglib.proxy.MethodProxy.invoke(MethodProxy.java:218) ~[spring-core-5.3.27.jar:5.3.27]
	at org.springframework.aop.framework.CglibAopProxy.invokeMethod(CglibAopProxy.java:386) ~[spring-aop-5.3.27.jar:5.3.27]
	at org.springframework.aop.framework.CglibAopProxy.access$000(CglibAopProxy.java:85) ~[spring-aop-5.3.27.jar:5.3.27]
	at org.springframework.aop.framework.CglibAopProxy$DynamicAdvisedInterceptor.intercept(CglibAopProxy.java:704) ~[spring-aop-5.3.27.jar:5.3.27]
	at com.hmall.service.impl.UserServiceImpl$$EnhancerBySpringCGLIB$$5d879290.login(<generated>) ~[classes/:na]
	at com.hmall.controller.UserController.login(UserController.java:25) ~[classes/:na]
	at java.base/jdk.internal.reflect.NativeMethodAccessorImpl.invoke0(Native Method) ~[na:na]
	at java.base/jdk.internal.reflect.NativeMethodAccessorImpl.invoke(NativeMethodAccessorImpl.java:77) ~[na:na]
	at java.base/jdk.internal.reflect.DelegatingMethodAccessorImpl.invoke(DelegatingMethodAccessorImpl.java:43) ~[na:na]
	at java.base/java.lang.reflect.Method.invoke(Method.java:568) ~[na:na]
	at org.springframework.web.method.support.InvocableHandlerMethod.doInvoke(InvocableHandlerMethod.java:205) ~[spring-web-5.3.27.jar:5.3.27]
	at org.springframework.web.method.support.InvocableHandlerMethod.invokeForRequest(InvocableHandlerMethod.java:150) ~[spring-web-5.3.27.jar:5.3.27]
	at org.springframework.web.servlet.mvc.method.annotation.ServletInvocableHandlerMethod.invokeAndHandle(ServletInvocableHandlerMethod.java:117) ~[spring-webmvc-5.3.27.jar:5.3.27]
	at org.springframework.web.servlet.mvc.method.annotation.RequestMappingHandlerAdapter.invokeHandlerMethod(RequestMappingHandlerAdapter.java:895) ~[spring-webmvc-5.3.27.jar:5.3.27]
	at org.springframework.web.servlet.mvc.method.annotation.RequestMappingHandlerAdapter.handleInternal(RequestMappingHandlerAdapter.java:808) ~[spring-webmvc-5.3.27.jar:5.3.27]
	at org.springframework.web.servlet.mvc.method.AbstractHandlerMethodAdapter.handle(AbstractHandlerMethodAdapter.java:87) ~[spring-webmvc-5.3.27.jar:5.3.27]
	at org.springframework.web.servlet.DispatcherServlet.doDispatch(DispatcherServlet.java:1072) ~[spring-webmvc-5.3.27.jar:5.3.27]
	at org.springframework.web.servlet.DispatcherServlet.doService(DispatcherServlet.java:965) ~[spring-webmvc-5.3.27.jar:5.3.27]
	at org.springframework.web.servlet.FrameworkServlet.processRequest(FrameworkServlet.java:1006) ~[spring-webmvc-5.3.27.jar:5.3.27]
	at org.springframework.web.servlet.FrameworkServlet.doPost(FrameworkServlet.java:909) ~[spring-webmvc-5.3.27.jar:5.3.27]
	at javax.servlet.http.HttpServlet.service(HttpServlet.java:555) ~[tomcat-embed-core-9.0.75.jar:4.0.FR]
	at org.springframework.web.servlet.FrameworkServlet.service(FrameworkServlet.java:883) ~[spring-webmvc-5.3.27.jar:5.3.27]
	at javax.servlet.http.HttpServlet.service(HttpServlet.java:623) ~[tomcat-embed-core-9.0.75.jar:4.0.FR]
	at org.apache.catalina.core.ApplicationFilterChain.internalDoFilter(ApplicationFilterChain.java:209) ~[tomcat-embed-core-9.0.75.jar:9.0.75]
	at org.apache.catalina.core.ApplicationFilterChain.doFilter(ApplicationFilterChain.java:153) ~[tomcat-embed-core-9.0.75.jar:9.0.75]
	at org.apache.tomcat.websocket.server.WsFilter.doFilter(WsFilter.java:51) ~[tomcat-embed-websocket-9.0.75.jar:9.0.75]
	at org.apache.catalina.core.ApplicationFilterChain.internalDoFilter(ApplicationFilterChain.java:178) ~[tomcat-embed-core-9.0.75.jar:9.0.75]
	at org.apache.catalina.core.ApplicationFilterChain.doFilter(ApplicationFilterChain.java:153) ~[tomcat-embed-core-9.0.75.jar:9.0.75]
	at org.springframework.web.filter.RequestContextFilter.doFilterInternal(RequestContextFilter.java:100) ~[spring-web-5.3.27.jar:5.3.27]
	at org.springframework.web.filter.OncePerRequestFilter.doFilter(OncePerRequestFilter.java:117) ~[spring-web-5.3.27.jar:5.3.27]
	at org.apache.catalina.core.ApplicationFilterChain.internalDoFilter(ApplicationFilterChain.java:178) ~[tomcat-embed-core-9.0.75.jar:9.0.75]
	at org.apache.catalina.core.ApplicationFilterChain.doFilter(ApplicationFilterChain.java:153) ~[tomcat-embed-core-9.0.75.jar:9.0.75]
	at org.springframework.web.filter.FormContentFilter.doFilterInternal(FormContentFilter.java:93) ~[spring-web-5.3.27.jar:5.3.27]
	at org.springframework.web.filter.OncePerRequestFilter.doFilter(OncePerRequestFilter.java:117) ~[spring-web-5.3.27.jar:5.3.27]
	at org.apache.catalina.core.ApplicationFilterChain.internalDoFilter(ApplicationFilterChain.java:178) ~[tomcat-embed-core-9.0.75.jar:9.0.75]
	at org.apache.catalina.core.ApplicationFilterChain.doFilter(ApplicationFilterChain.java:153) ~[tomcat-embed-core-9.0.75.jar:9.0.75]
	at org.springframework.web.filter.CharacterEncodingFilter.doFilterInternal(CharacterEncodingFilter.java:201) ~[spring-web-5.3.27.jar:5.3.27]
	at org.springframework.web.filter.OncePerRequestFilter.doFilter(OncePerRequestFilter.java:117) ~[spring-web-5.3.27.jar:5.3.27]
	at org.apache.catalina.core.ApplicationFilterChain.internalDoFilter(ApplicationFilterChain.java:178) ~[tomcat-embed-core-9.0.75.jar:9.0.75]
	at org.apache.catalina.core.ApplicationFilterChain.doFilter(ApplicationFilterChain.java:153) ~[tomcat-embed-core-9.0.75.jar:9.0.75]
	at org.apache.catalina.core.StandardWrapperValve.invoke(StandardWrapperValve.java:167) ~[tomcat-embed-core-9.0.75.jar:9.0.75]
	at org.apache.catalina.core.StandardContextValve.invoke(StandardContextValve.java:90) ~[tomcat-embed-core-9.0.75.jar:9.0.75]
	at org.apache.catalina.authenticator.AuthenticatorBase.invoke(AuthenticatorBase.java:481) ~[tomcat-embed-core-9.0.75.jar:9.0.75]
	at org.apache.catalina.core.StandardHostValve.invoke(StandardHostValve.java:130) ~[tomcat-embed-core-9.0.75.jar:9.0.75]
	at org.apache.catalina.valves.ErrorReportValve.invoke(ErrorReportValve.java:93) ~[tomcat-embed-core-9.0.75.jar:9.0.75]
	at org.apache.catalina.core.StandardEngineValve.invoke(StandardEngineValve.java:74) ~[tomcat-embed-core-9.0.75.jar:9.0.75]
	at org.apache.catalina.connector.CoyoteAdapter.service(CoyoteAdapter.java:343) ~[tomcat-embed-core-9.0.75.jar:9.0.75]
	at org.apache.coyote.http11.Http11Processor.service(Http11Processor.java:390) ~[tomcat-embed-core-9.0.75.jar:9.0.75]
	at org.apache.coyote.AbstractProcessorLight.process(AbstractProcessorLight.java:63) ~[tomcat-embed-core-9.0.75.jar:9.0.75]
	at org.apache.coyote.AbstractProtocol$ConnectionHandler.process(AbstractProtocol.java:926) ~[tomcat-embed-core-9.0.75.jar:9.0.75]
	at org.apache.tomcat.util.net.NioEndpoint$SocketProcessor.doRun(NioEndpoint.java:1791) ~[tomcat-embed-core-9.0.75.jar:9.0.75]
	at org.apache.tomcat.util.net.SocketProcessorBase.run(SocketProcessorBase.java:52) ~[tomcat-embed-core-9.0.75.jar:9.0.75]
	at org.apache.tomcat.util.threads.ThreadPoolExecutor.runWorker(ThreadPoolExecutor.java:1191) ~[tomcat-embed-core-9.0.75.jar:9.0.75]
	at org.apache.tomcat.util.threads.ThreadPoolExecutor$Worker.run(ThreadPoolExecutor.java:659) ~[tomcat-embed-core-9.0.75.jar:9.0.75]
	at org.apache.tomcat.util.threads.TaskThread$WrappingRunnable.run(TaskThread.java:61) ~[tomcat-embed-core-9.0.75.jar:9.0.75]
	at java.base/java.lang.Thread.run(Thread.java:833) ~[na:na]
Caused by: org.apache.ibatis.builder.BuilderException: Error evaluating expression 'ew.sqlSegment != null and ew.sqlSegment != '' and ew.nonEmptyOfWhere'. Cause: org.apache.ibatis.ognl.OgnlException: sqlSegment [java.lang.NoClassDefFoundError: Could not initialize class com.baomidou.mybatisplus.core.toolkit.support.SerializedLambdaMeta]
	at org.apache.ibatis.scripting.xmltags.OgnlCache.getValue(OgnlCache.java:48) ~[mybatis-3.5.7.jar:3.5.7]
	at org.apache.ibatis.scripting.xmltags.ExpressionEvaluator.evaluateBoolean(ExpressionEvaluator.java:32) ~[mybatis-3.5.7.jar:3.5.7]
	at org.apache.ibatis.scripting.xmltags.IfSqlNode.apply(IfSqlNode.java:34) ~[mybatis-3.5.7.jar:3.5.7]
	at org.apache.ibatis.scripting.xmltags.MixedSqlNode.lambda$apply$0(MixedSqlNode.java:32) ~[mybatis-3.5.7.jar:3.5.7]
	at java.base/java.util.ArrayList.forEach(ArrayList.java:1511) ~[na:na]
	at org.apache.ibatis.scripting.xmltags.MixedSqlNode.apply(MixedSqlNode.java:32) ~[mybatis-3.5.7.jar:3.5.7]
	at org.apache.ibatis.scripting.xmltags.TrimSqlNode.apply(TrimSqlNode.java:55) ~[mybatis-3.5.7.jar:3.5.7]
	at org.apache.ibatis.scripting.xmltags.MixedSqlNode.lambda$apply$0(MixedSqlNode.java:32) ~[mybatis-3.5.7.jar:3.5.7]
	at java.base/java.util.ArrayList.forEach(ArrayList.java:1511) ~[na:na]
	at org.apache.ibatis.scripting.xmltags.MixedSqlNode.apply(MixedSqlNode.java:32) ~[mybatis-3.5.7.jar:3.5.7]
	at org.apache.ibatis.scripting.xmltags.IfSqlNode.apply(IfSqlNode.java:35) ~[mybatis-3.5.7.jar:3.5.7]
	at org.apache.ibatis.scripting.xmltags.MixedSqlNode.lambda$apply$0(MixedSqlNode.java:32) ~[mybatis-3.5.7.jar:3.5.7]
	at java.base/java.util.ArrayList.forEach(ArrayList.java:1511) ~[na:na]
	at org.apache.ibatis.scripting.xmltags.MixedSqlNode.apply(MixedSqlNode.java:32) ~[mybatis-3.5.7.jar:3.5.7]
	at org.apache.ibatis.scripting.xmltags.DynamicSqlSource.getBoundSql(DynamicSqlSource.java:39) ~[mybatis-3.5.7.jar:3.5.7]
	at org.apache.ibatis.mapping.MappedStatement.getBoundSql(MappedStatement.java:305) ~[mybatis-3.5.7.jar:3.5.7]
	at com.baomidou.mybatisplus.extension.plugins.MybatisPlusInterceptor.intercept(MybatisPlusInterceptor.java:69) ~[mybatis-plus-extension-3.4.3.jar:3.4.3]
	at org.apache.ibatis.plugin.Plugin.invoke(Plugin.java:62) ~[mybatis-3.5.7.jar:3.5.7]
	at jdk.proxy2/jdk.proxy2.$Proxy131.query(Unknown Source) ~[na:na]
	at org.apache.ibatis.session.defaults.DefaultSqlSession.selectList(DefaultSqlSession.java:151) ~[mybatis-3.5.7.jar:3.5.7]
	at org.apache.ibatis.session.defaults.DefaultSqlSession.selectList(DefaultSqlSession.java:145) ~[mybatis-3.5.7.jar:3.5.7]
	at org.apache.ibatis.session.defaults.DefaultSqlSession.selectList(DefaultSqlSession.java:140) ~[mybatis-3.5.7.jar:3.5.7]
	at org.apache.ibatis.session.defaults.DefaultSqlSession.selectOne(DefaultSqlSession.java:76) ~[mybatis-3.5.7.jar:3.5.7]
	at java.base/jdk.internal.reflect.NativeMethodAccessorImpl.invoke0(Native Method) ~[na:na]
	at java.base/jdk.internal.reflect.NativeMethodAccessorImpl.invoke(NativeMethodAccessorImpl.java:77) ~[na:na]
	at java.base/jdk.internal.reflect.DelegatingMethodAccessorImpl.invoke(DelegatingMethodAccessorImpl.java:43) ~[na:na]
	at java.base/java.lang.reflect.Method.invoke(Method.java:568) ~[na:na]
	at org.mybatis.spring.SqlSessionTemplate$SqlSessionInterceptor.invoke(SqlSessionTemplate.java:427) ~[mybatis-spring-2.0.6.jar:2.0.6]
	... 65 common frames omitted
Caused by: org.apache.ibatis.ognl.OgnlException: sqlSegment
	at org.apache.ibatis.ognl.OgnlRuntime.getMethodValue(OgnlRuntime.java:2165) ~[mybatis-3.5.7.jar:3.5.7]
	at org.apache.ibatis.ognl.ObjectPropertyAccessor.getPossibleProperty(ObjectPropertyAccessor.java:66) ~[mybatis-3.5.7.jar:3.5.7]
	at org.apache.ibatis.ognl.ObjectPropertyAccessor.getProperty(ObjectPropertyAccessor.java:160) ~[mybatis-3.5.7.jar:3.5.7]
	at org.apache.ibatis.ognl.OgnlRuntime.getProperty(OgnlRuntime.java:3373) ~[mybatis-3.5.7.jar:3.5.7]
	at org.apache.ibatis.ognl.ASTProperty.getValueBody(ASTProperty.java:121) ~[mybatis-3.5.7.jar:3.5.7]
	at org.apache.ibatis.ognl.SimpleNode.evaluateGetValueBody(SimpleNode.java:212) ~[mybatis-3.5.7.jar:3.5.7]
	at org.apache.ibatis.ognl.SimpleNode.getValue(SimpleNode.java:258) ~[mybatis-3.5.7.jar:3.5.7]
	at org.apache.ibatis.ognl.ASTChain.getValueBody(ASTChain.java:141) ~[mybatis-3.5.7.jar:3.5.7]
	at org.apache.ibatis.ognl.SimpleNode.evaluateGetValueBody(SimpleNode.java:212) ~[mybatis-3.5.7.jar:3.5.7]
	at org.apache.ibatis.ognl.SimpleNode.getValue(SimpleNode.java:258) ~[mybatis-3.5.7.jar:3.5.7]
	at org.apache.ibatis.ognl.ASTNotEq.getValueBody(ASTNotEq.java:50) ~[mybatis-3.5.7.jar:3.5.7]
	at org.apache.ibatis.ognl.SimpleNode.evaluateGetValueBody(SimpleNode.java:212) ~[mybatis-3.5.7.jar:3.5.7]
	at org.apache.ibatis.ognl.SimpleNode.getValue(SimpleNode.java:258) ~[mybatis-3.5.7.jar:3.5.7]
	at org.apache.ibatis.ognl.ASTAnd.getValueBody(ASTAnd.java:61) ~[mybatis-3.5.7.jar:3.5.7]
	at org.apache.ibatis.ognl.SimpleNode.evaluateGetValueBody(SimpleNode.java:212) ~[mybatis-3.5.7.jar:3.5.7]
	at org.apache.ibatis.ognl.SimpleNode.getValue(SimpleNode.java:258) ~[mybatis-3.5.7.jar:3.5.7]
	at org.apache.ibatis.ognl.Ognl.getValue(Ognl.java:586) ~[mybatis-3.5.7.jar:3.5.7]
	at org.apache.ibatis.ognl.Ognl.getValue(Ognl.java:550) ~[mybatis-3.5.7.jar:3.5.7]
	at org.apache.ibatis.scripting.xmltags.OgnlCache.getValue(OgnlCache.java:46) ~[mybatis-3.5.7.jar:3.5.7]
	... 92 common frames omitted
Caused by: java.lang.NoClassDefFoundError: Could not initialize class com.baomidou.mybatisplus.core.toolkit.support.SerializedLambdaMeta
	at com.baomidou.mybatisplus.core.toolkit.LambdaUtils.extract(LambdaUtils.java:55) ~[mybatis-plus-core-3.4.3.jar:3.4.3]
	at com.baomidou.mybatisplus.core.conditions.AbstractLambdaWrapper.getColumnCache(AbstractLambdaWrapper.java:75) ~[mybatis-plus-core-3.4.3.jar:3.4.3]
	at com.baomidou.mybatisplus.core.conditions.AbstractLambdaWrapper.columnToString(AbstractLambdaWrapper.java:62) ~[mybatis-plus-core-3.4.3.jar:3.4.3]
	at com.baomidou.mybatisplus.core.conditions.AbstractLambdaWrapper.columnToString(AbstractLambdaWrapper.java:58) ~[mybatis-plus-core-3.4.3.jar:3.4.3]
	at com.baomidou.mybatisplus.core.conditions.AbstractLambdaWrapper.columnToString(AbstractLambdaWrapper.java:38) ~[mybatis-plus-core-3.4.3.jar:3.4.3]
	at com.baomidou.mybatisplus.core.conditions.AbstractWrapper.lambda$columnToSqlSegment$a3f115af$1(AbstractWrapper.java:575) ~[mybatis-plus-core-3.4.3.jar:3.4.3]
	at java.base/java.util.stream.ReferencePipeline$3$1.accept(ReferencePipeline.java:197) ~[na:na]
	at java.base/java.util.ArrayList$ArrayListSpliterator.forEachRemaining(ArrayList.java:1625) ~[na:na]
	at java.base/java.util.stream.AbstractPipeline.copyInto(AbstractPipeline.java:509) ~[na:na]
	at java.base/java.util.stream.AbstractPipeline.wrapAndCopyInto(AbstractPipeline.java:499) ~[na:na]
	at java.base/java.util.stream.ReduceOps$ReduceOp.evaluateSequential(ReduceOps.java:921) ~[na:na]
	at java.base/java.util.stream.AbstractPipeline.evaluate(AbstractPipeline.java:234) ~[na:na]
	at java.base/java.util.stream.ReferencePipeline.collect(ReferencePipeline.java:682) ~[na:na]
	at com.baomidou.mybatisplus.core.conditions.segments.NormalSegmentList.childrenSqlSegment(NormalSegmentList.java:89) ~[mybatis-plus-core-3.4.3.jar:3.4.3]
	at com.baomidou.mybatisplus.core.conditions.segments.AbstractISegmentList.getSqlSegment(AbstractISegmentList.java:103) ~[mybatis-plus-core-3.4.3.jar:3.4.3]
	at com.baomidou.mybatisplus.core.conditions.segments.MergeSegments.getSqlSegment(MergeSegments.java:72) ~[mybatis-plus-core-3.4.3.jar:3.4.3]
	at com.baomidou.mybatisplus.core.conditions.AbstractWrapper.getSqlSegment(AbstractWrapper.java:525) ~[mybatis-plus-core-3.4.3.jar:3.4.3]
	at java.base/jdk.internal.reflect.NativeMethodAccessorImpl.invoke0(Native Method) ~[na:na]
	at java.base/jdk.internal.reflect.NativeMethodAccessorImpl.invoke(NativeMethodAccessorImpl.java:77) ~[na:na]
	at java.base/jdk.internal.reflect.DelegatingMethodAccessorImpl.invoke(DelegatingMethodAccessorImpl.java:43) ~[na:na]
	at java.base/java.lang.reflect.Method.invoke(Method.java:568) ~[na:na]
	at org.apache.ibatis.ognl.OgnlRuntime.invokeMethodInsideSandbox(OgnlRuntime.java:1266) ~[mybatis-3.5.7.jar:3.5.7]
	at org.apache.ibatis.ognl.OgnlRuntime.invokeMethod(OgnlRuntime.java:1251) ~[mybatis-3.5.7.jar:3.5.7]
	at org.apache.ibatis.ognl.OgnlRuntime.getMethodValue(OgnlRuntime.java:2163) ~[mybatis-3.5.7.jar:3.5.7]
	... 110 common frames omitted

19:10:31:794 ERROR 49536 --- [http-nio-8080-exec-7] c.h.common.advice.CommonExceptionAdvice  : 其他异常 uri : /users/login -> 

org.mybatis.spring.MyBatisSystemException: nested exception is org.apache.ibatis.builder.BuilderException: Error evaluating expression 'ew.sqlSegment != null and ew.sqlSegment != '' and ew.nonEmptyOfWhere'. Cause: org.apache.ibatis.ognl.OgnlException: sqlSegment [java.lang.NoClassDefFoundError: Could not initialize class com.baomidou.mybatisplus.core.toolkit.support.SerializedLambdaMeta]
	at org.mybatis.spring.MyBatisExceptionTranslator.translateExceptionIfPossible(MyBatisExceptionTranslator.java:96) ~[mybatis-spring-2.0.6.jar:2.0.6]
	at org.mybatis.spring.SqlSessionTemplate$SqlSessionInterceptor.invoke(SqlSessionTemplate.java:441) ~[mybatis-spring-2.0.6.jar:2.0.6]
	at jdk.proxy2/jdk.proxy2.$Proxy87.selectOne(Unknown Source) ~[na:na]
	at org.mybatis.spring.SqlSessionTemplate.selectOne(SqlSessionTemplate.java:160) ~[mybatis-spring-2.0.6.jar:2.0.6]
	at com.baomidou.mybatisplus.core.override.MybatisMapperMethod.execute(MybatisMapperMethod.java:89) ~[mybatis-plus-core-3.4.3.jar:3.4.3]
	at com.baomidou.mybatisplus.core.override.MybatisMapperProxy$PlainMethodInvoker.invoke(MybatisMapperProxy.java:148) ~[mybatis-plus-core-3.4.3.jar:3.4.3]
	at com.baomidou.mybatisplus.core.override.MybatisMapperProxy.invoke(MybatisMapperProxy.java:89) ~[mybatis-plus-core-3.4.3.jar:3.4.3]
	at jdk.proxy2/jdk.proxy2.$Proxy99.selectOne(Unknown Source) ~[na:na]
	at com.baomidou.mybatisplus.extension.conditions.query.ChainQuery.one(ChainQuery.java:48) ~[mybatis-plus-extension-3.4.3.jar:3.4.3]
	at com.hmall.service.impl.UserServiceImpl.login(UserServiceImpl.java:46) ~[classes/:na]
	at com.hmall.service.impl.UserServiceImpl$$FastClassBySpringCGLIB$$84609514.invoke(<generated>) ~[classes/:na]
	at org.springframework.cglib.proxy.MethodProxy.invoke(MethodProxy.java:218) ~[spring-core-5.3.27.jar:5.3.27]
	at org.springframework.aop.framework.CglibAopProxy.invokeMethod(CglibAopProxy.java:386) ~[spring-aop-5.3.27.jar:5.3.27]
	at org.springframework.aop.framework.CglibAopProxy.access$000(CglibAopProxy.java:85) ~[spring-aop-5.3.27.jar:5.3.27]
	at org.springframework.aop.framework.CglibAopProxy$DynamicAdvisedInterceptor.intercept(CglibAopProxy.java:704) ~[spring-aop-5.3.27.jar:5.3.27]
	at com.hmall.service.impl.UserServiceImpl$$EnhancerBySpringCGLIB$$5d879290.login(<generated>) ~[classes/:na]
	at com.hmall.controller.UserController.login(UserController.java:25) ~[classes/:na]
	at java.base/jdk.internal.reflect.NativeMethodAccessorImpl.invoke0(Native Method) ~[na:na]
	at java.base/jdk.internal.reflect.NativeMethodAccessorImpl.invoke(NativeMethodAccessorImpl.java:77) ~[na:na]
	at java.base/jdk.internal.reflect.DelegatingMethodAccessorImpl.invoke(DelegatingMethodAccessorImpl.java:43) ~[na:na]
	at java.base/java.lang.reflect.Method.invoke(Method.java:568) ~[na:na]
	at org.springframework.web.method.support.InvocableHandlerMethod.doInvoke(InvocableHandlerMethod.java:205) ~[spring-web-5.3.27.jar:5.3.27]
	at org.springframework.web.method.support.InvocableHandlerMethod.invokeForRequest(InvocableHandlerMethod.java:150) ~[spring-web-5.3.27.jar:5.3.27]
	at org.springframework.web.servlet.mvc.method.annotation.ServletInvocableHandlerMethod.invokeAndHandle(ServletInvocableHandlerMethod.java:117) ~[spring-webmvc-5.3.27.jar:5.3.27]
	at org.springframework.web.servlet.mvc.method.annotation.RequestMappingHandlerAdapter.invokeHandlerMethod(RequestMappingHandlerAdapter.java:895) ~[spring-webmvc-5.3.27.jar:5.3.27]
	at org.springframework.web.servlet.mvc.method.annotation.RequestMappingHandlerAdapter.handleInternal(RequestMappingHandlerAdapter.java:808) ~[spring-webmvc-5.3.27.jar:5.3.27]
	at org.springframework.web.servlet.mvc.method.AbstractHandlerMethodAdapter.handle(AbstractHandlerMethodAdapter.java:87) ~[spring-webmvc-5.3.27.jar:5.3.27]
	at org.springframework.web.servlet.DispatcherServlet.doDispatch(DispatcherServlet.java:1072) ~[spring-webmvc-5.3.27.jar:5.3.27]
	at org.springframework.web.servlet.DispatcherServlet.doService(DispatcherServlet.java:965) ~[spring-webmvc-5.3.27.jar:5.3.27]
	at org.springframework.web.servlet.FrameworkServlet.processRequest(FrameworkServlet.java:1006) ~[spring-webmvc-5.3.27.jar:5.3.27]
	at org.springframework.web.servlet.FrameworkServlet.doPost(FrameworkServlet.java:909) ~[spring-webmvc-5.3.27.jar:5.3.27]
	at javax.servlet.http.HttpServlet.service(HttpServlet.java:555) ~[tomcat-embed-core-9.0.75.jar:4.0.FR]
	at org.springframework.web.servlet.FrameworkServlet.service(FrameworkServlet.java:883) ~[spring-webmvc-5.3.27.jar:5.3.27]
	at javax.servlet.http.HttpServlet.service(HttpServlet.java:623) ~[tomcat-embed-core-9.0.75.jar:4.0.FR]
	at org.apache.catalina.core.ApplicationFilterChain.internalDoFilter(ApplicationFilterChain.java:209) ~[tomcat-embed-core-9.0.75.jar:9.0.75]
	at org.apache.catalina.core.ApplicationFilterChain.doFilter(ApplicationFilterChain.java:153) ~[tomcat-embed-core-9.0.75.jar:9.0.75]
	at org.apache.tomcat.websocket.server.WsFilter.doFilter(WsFilter.java:51) ~[tomcat-embed-websocket-9.0.75.jar:9.0.75]
	at org.apache.catalina.core.ApplicationFilterChain.internalDoFilter(ApplicationFilterChain.java:178) ~[tomcat-embed-core-9.0.75.jar:9.0.75]
	at org.apache.catalina.core.ApplicationFilterChain.doFilter(ApplicationFilterChain.java:153) ~[tomcat-embed-core-9.0.75.jar:9.0.75]
	at org.springframework.web.filter.RequestContextFilter.doFilterInternal(RequestContextFilter.java:100) ~[spring-web-5.3.27.jar:5.3.27]
	at org.springframework.web.filter.OncePerRequestFilter.doFilter(OncePerRequestFilter.java:117) ~[spring-web-5.3.27.jar:5.3.27]
	at org.apache.catalina.core.ApplicationFilterChain.internalDoFilter(ApplicationFilterChain.java:178) ~[tomcat-embed-core-9.0.75.jar:9.0.75]
	at org.apache.catalina.core.ApplicationFilterChain.doFilter(ApplicationFilterChain.java:153) ~[tomcat-embed-core-9.0.75.jar:9.0.75]
	at org.springframework.web.filter.FormContentFilter.doFilterInternal(FormContentFilter.java:93) ~[spring-web-5.3.27.jar:5.3.27]
	at org.springframework.web.filter.OncePerRequestFilter.doFilter(OncePerRequestFilter.java:117) ~[spring-web-5.3.27.jar:5.3.27]
	at org.apache.catalina.core.ApplicationFilterChain.internalDoFilter(ApplicationFilterChain.java:178) ~[tomcat-embed-core-9.0.75.jar:9.0.75]
	at org.apache.catalina.core.ApplicationFilterChain.doFilter(ApplicationFilterChain.java:153) ~[tomcat-embed-core-9.0.75.jar:9.0.75]
	at org.springframework.web.filter.CharacterEncodingFilter.doFilterInternal(CharacterEncodingFilter.java:201) ~[spring-web-5.3.27.jar:5.3.27]
	at org.springframework.web.filter.OncePerRequestFilter.doFilter(OncePerRequestFilter.java:117) ~[spring-web-5.3.27.jar:5.3.27]
	at org.apache.catalina.core.ApplicationFilterChain.internalDoFilter(ApplicationFilterChain.java:178) ~[tomcat-embed-core-9.0.75.jar:9.0.75]
	at org.apache.catalina.core.ApplicationFilterChain.doFilter(ApplicationFilterChain.java:153) ~[tomcat-embed-core-9.0.75.jar:9.0.75]
	at org.apache.catalina.core.StandardWrapperValve.invoke(StandardWrapperValve.java:167) ~[tomcat-embed-core-9.0.75.jar:9.0.75]
	at org.apache.catalina.core.StandardContextValve.invoke(StandardContextValve.java:90) ~[tomcat-embed-core-9.0.75.jar:9.0.75]
	at org.apache.catalina.authenticator.AuthenticatorBase.invoke(AuthenticatorBase.java:481) ~[tomcat-embed-core-9.0.75.jar:9.0.75]
	at org.apache.catalina.core.StandardHostValve.invoke(StandardHostValve.java:130) ~[tomcat-embed-core-9.0.75.jar:9.0.75]
	at org.apache.catalina.valves.ErrorReportValve.invoke(ErrorReportValve.java:93) ~[tomcat-embed-core-9.0.75.jar:9.0.75]
	at org.apache.catalina.core.StandardEngineValve.invoke(StandardEngineValve.java:74) ~[tomcat-embed-core-9.0.75.jar:9.0.75]
	at org.apache.catalina.connector.CoyoteAdapter.service(CoyoteAdapter.java:343) ~[tomcat-embed-core-9.0.75.jar:9.0.75]
	at org.apache.coyote.http11.Http11Processor.service(Http11Processor.java:390) ~[tomcat-embed-core-9.0.75.jar:9.0.75]
	at org.apache.coyote.AbstractProcessorLight.process(AbstractProcessorLight.java:63) ~[tomcat-embed-core-9.0.75.jar:9.0.75]
	at org.apache.coyote.AbstractProtocol$ConnectionHandler.process(AbstractProtocol.java:926) ~[tomcat-embed-core-9.0.75.jar:9.0.75]
	at org.apache.tomcat.util.net.NioEndpoint$SocketProcessor.doRun(NioEndpoint.java:1791) ~[tomcat-embed-core-9.0.75.jar:9.0.75]
	at org.apache.tomcat.util.net.SocketProcessorBase.run(SocketProcessorBase.java:52) ~[tomcat-embed-core-9.0.75.jar:9.0.75]
	at org.apache.tomcat.util.threads.ThreadPoolExecutor.runWorker(ThreadPoolExecutor.java:1191) ~[tomcat-embed-core-9.0.75.jar:9.0.75]
	at org.apache.tomcat.util.threads.ThreadPoolExecutor$Worker.run(ThreadPoolExecutor.java:659) ~[tomcat-embed-core-9.0.75.jar:9.0.75]
	at org.apache.tomcat.util.threads.TaskThread$WrappingRunnable.run(TaskThread.java:61) ~[tomcat-embed-core-9.0.75.jar:9.0.75]
	at java.base/java.lang.Thread.run(Thread.java:833) ~[na:na]
Caused by: org.apache.ibatis.builder.BuilderException: Error evaluating expression 'ew.sqlSegment != null and ew.sqlSegment != '' and ew.nonEmptyOfWhere'. Cause: org.apache.ibatis.ognl.OgnlException: sqlSegment [java.lang.NoClassDefFoundError: Could not initialize class com.baomidou.mybatisplus.core.toolkit.support.SerializedLambdaMeta]
	at org.apache.ibatis.scripting.xmltags.OgnlCache.getValue(OgnlCache.java:48) ~[mybatis-3.5.7.jar:3.5.7]
	at org.apache.ibatis.scripting.xmltags.ExpressionEvaluator.evaluateBoolean(ExpressionEvaluator.java:32) ~[mybatis-3.5.7.jar:3.5.7]
	at org.apache.ibatis.scripting.xmltags.IfSqlNode.apply(IfSqlNode.java:34) ~[mybatis-3.5.7.jar:3.5.7]
	at org.apache.ibatis.scripting.xmltags.MixedSqlNode.lambda$apply$0(MixedSqlNode.java:32) ~[mybatis-3.5.7.jar:3.5.7]
	at java.base/java.util.ArrayList.forEach(ArrayList.java:1511) ~[na:na]
	at org.apache.ibatis.scripting.xmltags.MixedSqlNode.apply(MixedSqlNode.java:32) ~[mybatis-3.5.7.jar:3.5.7]
	at org.apache.ibatis.scripting.xmltags.TrimSqlNode.apply(TrimSqlNode.java:55) ~[mybatis-3.5.7.jar:3.5.7]
	at org.apache.ibatis.scripting.xmltags.MixedSqlNode.lambda$apply$0(MixedSqlNode.java:32) ~[mybatis-3.5.7.jar:3.5.7]
	at java.base/java.util.ArrayList.forEach(ArrayList.java:1511) ~[na:na]
	at org.apache.ibatis.scripting.xmltags.MixedSqlNode.apply(MixedSqlNode.java:32) ~[mybatis-3.5.7.jar:3.5.7]
	at org.apache.ibatis.scripting.xmltags.IfSqlNode.apply(IfSqlNode.java:35) ~[mybatis-3.5.7.jar:3.5.7]
	at org.apache.ibatis.scripting.xmltags.MixedSqlNode.lambda$apply$0(MixedSqlNode.java:32) ~[mybatis-3.5.7.jar:3.5.7]
	at java.base/java.util.ArrayList.forEach(ArrayList.java:1511) ~[na:na]
	at org.apache.ibatis.scripting.xmltags.MixedSqlNode.apply(MixedSqlNode.java:32) ~[mybatis-3.5.7.jar:3.5.7]
	at org.apache.ibatis.scripting.xmltags.DynamicSqlSource.getBoundSql(DynamicSqlSource.java:39) ~[mybatis-3.5.7.jar:3.5.7]
	at org.apache.ibatis.mapping.MappedStatement.getBoundSql(MappedStatement.java:305) ~[mybatis-3.5.7.jar:3.5.7]
	at com.baomidou.mybatisplus.extension.plugins.MybatisPlusInterceptor.intercept(MybatisPlusInterceptor.java:69) ~[mybatis-plus-extension-3.4.3.jar:3.4.3]
	at org.apache.ibatis.plugin.Plugin.invoke(Plugin.java:62) ~[mybatis-3.5.7.jar:3.5.7]
	at jdk.proxy2/jdk.proxy2.$Proxy131.query(Unknown Source) ~[na:na]
	at org.apache.ibatis.session.defaults.DefaultSqlSession.selectList(DefaultSqlSession.java:151) ~[mybatis-3.5.7.jar:3.5.7]
	at org.apache.ibatis.session.defaults.DefaultSqlSession.selectList(DefaultSqlSession.java:145) ~[mybatis-3.5.7.jar:3.5.7]
	at org.apache.ibatis.session.defaults.DefaultSqlSession.selectList(DefaultSqlSession.java:140) ~[mybatis-3.5.7.jar:3.5.7]
	at org.apache.ibatis.session.defaults.DefaultSqlSession.selectOne(DefaultSqlSession.java:76) ~[mybatis-3.5.7.jar:3.5.7]
	at java.base/jdk.internal.reflect.NativeMethodAccessorImpl.invoke0(Native Method) ~[na:na]
	at java.base/jdk.internal.reflect.NativeMethodAccessorImpl.invoke(NativeMethodAccessorImpl.java:77) ~[na:na]
	at java.base/jdk.internal.reflect.DelegatingMethodAccessorImpl.invoke(DelegatingMethodAccessorImpl.java:43) ~[na:na]
	at java.base/java.lang.reflect.Method.invoke(Method.java:568) ~[na:na]
	at org.mybatis.spring.SqlSessionTemplate$SqlSessionInterceptor.invoke(SqlSessionTemplate.java:427) ~[mybatis-spring-2.0.6.jar:2.0.6]
	... 65 common frames omitted
Caused by: org.apache.ibatis.ognl.OgnlException: sqlSegment
	at org.apache.ibatis.ognl.OgnlRuntime.getMethodValue(OgnlRuntime.java:2165) ~[mybatis-3.5.7.jar:3.5.7]
	at org.apache.ibatis.ognl.ObjectPropertyAccessor.getPossibleProperty(ObjectPropertyAccessor.java:66) ~[mybatis-3.5.7.jar:3.5.7]
	at org.apache.ibatis.ognl.ObjectPropertyAccessor.getProperty(ObjectPropertyAccessor.java:160) ~[mybatis-3.5.7.jar:3.5.7]
	at org.apache.ibatis.ognl.OgnlRuntime.getProperty(OgnlRuntime.java:3373) ~[mybatis-3.5.7.jar:3.5.7]
	at org.apache.ibatis.ognl.ASTProperty.getValueBody(ASTProperty.java:121) ~[mybatis-3.5.7.jar:3.5.7]
	at org.apache.ibatis.ognl.SimpleNode.evaluateGetValueBody(SimpleNode.java:212) ~[mybatis-3.5.7.jar:3.5.7]
	at org.apache.ibatis.ognl.SimpleNode.getValue(SimpleNode.java:258) ~[mybatis-3.5.7.jar:3.5.7]
	at org.apache.ibatis.ognl.ASTChain.getValueBody(ASTChain.java:141) ~[mybatis-3.5.7.jar:3.5.7]
	at org.apache.ibatis.ognl.SimpleNode.evaluateGetValueBody(SimpleNode.java:212) ~[mybatis-3.5.7.jar:3.5.7]
	at org.apache.ibatis.ognl.SimpleNode.getValue(SimpleNode.java:258) ~[mybatis-3.5.7.jar:3.5.7]
	at org.apache.ibatis.ognl.ASTNotEq.getValueBody(ASTNotEq.java:50) ~[mybatis-3.5.7.jar:3.5.7]
	at org.apache.ibatis.ognl.SimpleNode.evaluateGetValueBody(SimpleNode.java:212) ~[mybatis-3.5.7.jar:3.5.7]
	at org.apache.ibatis.ognl.SimpleNode.getValue(SimpleNode.java:258) ~[mybatis-3.5.7.jar:3.5.7]
	at org.apache.ibatis.ognl.ASTAnd.getValueBody(ASTAnd.java:61) ~[mybatis-3.5.7.jar:3.5.7]
	at org.apache.ibatis.ognl.SimpleNode.evaluateGetValueBody(SimpleNode.java:212) ~[mybatis-3.5.7.jar:3.5.7]
	at org.apache.ibatis.ognl.SimpleNode.getValue(SimpleNode.java:258) ~[mybatis-3.5.7.jar:3.5.7]
	at org.apache.ibatis.ognl.Ognl.getValue(Ognl.java:586) ~[mybatis-3.5.7.jar:3.5.7]
	at org.apache.ibatis.ognl.Ognl.getValue(Ognl.java:550) ~[mybatis-3.5.7.jar:3.5.7]
	at org.apache.ibatis.scripting.xmltags.OgnlCache.getValue(OgnlCache.java:46) ~[mybatis-3.5.7.jar:3.5.7]
	... 92 common frames omitted
Caused by: java.lang.NoClassDefFoundError: Could not initialize class com.baomidou.mybatisplus.core.toolkit.support.SerializedLambdaMeta
	at com.baomidou.mybatisplus.core.toolkit.LambdaUtils.extract(LambdaUtils.java:55) ~[mybatis-plus-core-3.4.3.jar:3.4.3]
	at com.baomidou.mybatisplus.core.conditions.AbstractLambdaWrapper.getColumnCache(AbstractLambdaWrapper.java:75) ~[mybatis-plus-core-3.4.3.jar:3.4.3]
	at com.baomidou.mybatisplus.core.conditions.AbstractLambdaWrapper.columnToString(AbstractLambdaWrapper.java:62) ~[mybatis-plus-core-3.4.3.jar:3.4.3]
	at com.baomidou.mybatisplus.core.conditions.AbstractLambdaWrapper.columnToString(AbstractLambdaWrapper.java:58) ~[mybatis-plus-core-3.4.3.jar:3.4.3]
	at com.baomidou.mybatisplus.core.conditions.AbstractLambdaWrapper.columnToString(AbstractLambdaWrapper.java:38) ~[mybatis-plus-core-3.4.3.jar:3.4.3]
	at com.baomidou.mybatisplus.core.conditions.AbstractWrapper.lambda$columnToSqlSegment$a3f115af$1(AbstractWrapper.java:575) ~[mybatis-plus-core-3.4.3.jar:3.4.3]
	at java.base/java.util.stream.ReferencePipeline$3$1.accept(ReferencePipeline.java:197) ~[na:na]
	at java.base/java.util.ArrayList$ArrayListSpliterator.forEachRemaining(ArrayList.java:1625) ~[na:na]
	at java.base/java.util.stream.AbstractPipeline.copyInto(AbstractPipeline.java:509) ~[na:na]
	at java.base/java.util.stream.AbstractPipeline.wrapAndCopyInto(AbstractPipeline.java:499) ~[na:na]
	at java.base/java.util.stream.ReduceOps$ReduceOp.evaluateSequential(ReduceOps.java:921) ~[na:na]
	at java.base/java.util.stream.AbstractPipeline.evaluate(AbstractPipeline.java:234) ~[na:na]
	at java.base/java.util.stream.ReferencePipeline.collect(ReferencePipeline.java:682) ~[na:na]
	at com.baomidou.mybatisplus.core.conditions.segments.NormalSegmentList.childrenSqlSegment(NormalSegmentList.java:89) ~[mybatis-plus-core-3.4.3.jar:3.4.3]
	at com.baomidou.mybatisplus.core.conditions.segments.AbstractISegmentList.getSqlSegment(AbstractISegmentList.java:103) ~[mybatis-plus-core-3.4.3.jar:3.4.3]
	at com.baomidou.mybatisplus.core.conditions.segments.MergeSegments.getSqlSegment(MergeSegments.java:72) ~[mybatis-plus-core-3.4.3.jar:3.4.3]
	at com.baomidou.mybatisplus.core.conditions.AbstractWrapper.getSqlSegment(AbstractWrapper.java:525) ~[mybatis-plus-core-3.4.3.jar:3.4.3]
	at java.base/jdk.internal.reflect.NativeMethodAccessorImpl.invoke0(Native Method) ~[na:na]
	at java.base/jdk.internal.reflect.NativeMethodAccessorImpl.invoke(NativeMethodAccessorImpl.java:77) ~[na:na]
	at java.base/jdk.internal.reflect.DelegatingMethodAccessorImpl.invoke(DelegatingMethodAccessorImpl.java:43) ~[na:na]
	at java.base/java.lang.reflect.Method.invoke(Method.java:568) ~[na:na]
	at org.apache.ibatis.ognl.OgnlRuntime.invokeMethodInsideSandbox(OgnlRuntime.java:1266) ~[mybatis-3.5.7.jar:3.5.7]
	at org.apache.ibatis.ognl.OgnlRuntime.invokeMethod(OgnlRuntime.java:1251) ~[mybatis-3.5.7.jar:3.5.7]
	at org.apache.ibatis.ognl.OgnlRuntime.getMethodValue(OgnlRuntime.java:2163) ~[mybatis-3.5.7.jar:3.5.7]
	... 110 common frames omitted

19:50:22:860  INFO 57048 --- [main] com.hmall.HMallApplication               : Starting HMallApplication using Java 17 on LAPTOP-5103CHBA with PID 57048 (E:\hmall\hm-service\target\classes started by HUAWEI in E:\hmall)
19:50:22:862 DEBUG 57048 --- [main] com.hmall.HMallApplication               : Running with Spring Boot v2.7.12, Spring v5.3.27
19:50:22:862  INFO 57048 --- [main] com.hmall.HMallApplication               : The following 1 profile is active: "local"
19:50:23:434  INFO 57048 --- [main] .s.d.r.c.RepositoryConfigurationDelegate : Multiple Spring Data modules found, entering strict repository configuration mode
19:50:23:437  INFO 57048 --- [main] .s.d.r.c.RepositoryConfigurationDelegate : Bootstrapping Spring Data Redis repositories in DEFAULT mode.
19:50:23:469  INFO 57048 --- [main] .s.d.r.c.RepositoryConfigurationDelegate : Finished Spring Data repository scanning in 12 ms. Found 0 Redis repository interfaces.
19:50:24:187  INFO 57048 --- [main] o.s.b.w.embedded.tomcat.TomcatWebServer  : Tomcat initialized with port(s): 8080 (http)
19:50:24:195  INFO 57048 --- [main] o.apache.catalina.core.StandardService   : Starting service [Tomcat]
19:50:24:196  INFO 57048 --- [main] org.apache.catalina.core.StandardEngine  : Starting Servlet engine: [Apache Tomcat/9.0.75]
19:50:24:290  INFO 57048 --- [main] o.a.c.c.C.[Tomcat].[localhost].[/]       : Initializing Spring embedded WebApplicationContext
19:50:24:290  INFO 57048 --- [main] w.s.c.ServletWebServerApplicationContext : Root WebApplicationContext: initialization completed in 1397 ms
19:50:25:445  INFO 57048 --- [main] pertySourcedRequestMappingHandlerMapping : Mapped URL path [/v2/api-docs] onto method [springfox.documentation.swagger2.web.Swagger2ControllerWebMvc#getDocumentation(String, HttpServletRequest)]
19:50:25:715  INFO 57048 --- [main] o.s.b.w.embedded.tomcat.TomcatWebServer  : Tomcat started on port(s): 8080 (http) with context path ''
19:50:25:715  INFO 57048 --- [main] d.s.w.p.DocumentationPluginsBootstrapper : Documentation plugins bootstrapped
19:50:25:717  INFO 57048 --- [main] d.s.w.p.DocumentationPluginsBootstrapper : Found 1 custom documentation plugin(s)
19:50:25:743  INFO 57048 --- [main] s.d.s.w.s.ApiListingReferenceScanner     : Scanning for api listing references
19:50:25:922  INFO 57048 --- [main] com.hmall.HMallApplication               : Started HMallApplication in 3.338 seconds (JVM running for 3.743)
20:03:52:285  INFO 57048 --- [http-nio-8080-exec-1] o.a.c.c.C.[Tomcat].[localhost].[/]       : Initializing Spring DispatcherServlet 'dispatcherServlet'
20:03:52:286  INFO 57048 --- [http-nio-8080-exec-1] o.s.web.servlet.DispatcherServlet        : Initializing Servlet 'dispatcherServlet'
20:03:52:288  INFO 57048 --- [http-nio-8080-exec-1] o.s.web.servlet.DispatcherServlet        : Completed initialization in 2 ms
20:03:52:331 ERROR 57048 --- [http-nio-8080-exec-1] o.a.c.c.C.[.[.[/].[dispatcherServlet]    : Servlet.service() for servlet [dispatcherServlet] in context with path [] threw exception [Request processing failed; nested exception is com.hmall.common.exception.UnauthorizedException: 未登录] with root cause

com.hmall.common.exception.UnauthorizedException: 未登录
	at com.hmall.utils.JwtTool.parseToken(JwtTool.java:47) ~[classes/:na]
	at com.hmall.interceptor.LoginInterceptor.preHandle(LoginInterceptor.java:21) ~[classes/:na]
	at org.springframework.web.servlet.HandlerExecutionChain.applyPreHandle(HandlerExecutionChain.java:148) ~[spring-webmvc-5.3.27.jar:5.3.27]
	at org.springframework.web.servlet.DispatcherServlet.doDispatch(DispatcherServlet.java:1067) ~[spring-webmvc-5.3.27.jar:5.3.27]
	at org.springframework.web.servlet.DispatcherServlet.doService(DispatcherServlet.java:965) ~[spring-webmvc-5.3.27.jar:5.3.27]
	at org.springframework.web.servlet.FrameworkServlet.processRequest(FrameworkServlet.java:1006) ~[spring-webmvc-5.3.27.jar:5.3.27]
	at org.springframework.web.servlet.FrameworkServlet.doGet(FrameworkServlet.java:898) ~[spring-webmvc-5.3.27.jar:5.3.27]
	at javax.servlet.http.HttpServlet.service(HttpServlet.java:529) ~[tomcat-embed-core-9.0.75.jar:4.0.FR]
	at org.springframework.web.servlet.FrameworkServlet.service(FrameworkServlet.java:883) ~[spring-webmvc-5.3.27.jar:5.3.27]
	at javax.servlet.http.HttpServlet.service(HttpServlet.java:623) ~[tomcat-embed-core-9.0.75.jar:4.0.FR]
	at org.apache.catalina.core.ApplicationFilterChain.internalDoFilter(ApplicationFilterChain.java:209) ~[tomcat-embed-core-9.0.75.jar:9.0.75]
	at org.apache.catalina.core.ApplicationFilterChain.doFilter(ApplicationFilterChain.java:153) ~[tomcat-embed-core-9.0.75.jar:9.0.75]
	at org.apache.tomcat.websocket.server.WsFilter.doFilter(WsFilter.java:51) ~[tomcat-embed-websocket-9.0.75.jar:9.0.75]
	at org.apache.catalina.core.ApplicationFilterChain.internalDoFilter(ApplicationFilterChain.java:178) ~[tomcat-embed-core-9.0.75.jar:9.0.75]
	at org.apache.catalina.core.ApplicationFilterChain.doFilter(ApplicationFilterChain.java:153) ~[tomcat-embed-core-9.0.75.jar:9.0.75]
	at org.springframework.web.filter.RequestContextFilter.doFilterInternal(RequestContextFilter.java:100) ~[spring-web-5.3.27.jar:5.3.27]
	at org.springframework.web.filter.OncePerRequestFilter.doFilter(OncePerRequestFilter.java:117) ~[spring-web-5.3.27.jar:5.3.27]
	at org.apache.catalina.core.ApplicationFilterChain.internalDoFilter(ApplicationFilterChain.java:178) ~[tomcat-embed-core-9.0.75.jar:9.0.75]
	at org.apache.catalina.core.ApplicationFilterChain.doFilter(ApplicationFilterChain.java:153) ~[tomcat-embed-core-9.0.75.jar:9.0.75]
	at org.springframework.web.filter.FormContentFilter.doFilterInternal(FormContentFilter.java:93) ~[spring-web-5.3.27.jar:5.3.27]
	at org.springframework.web.filter.OncePerRequestFilter.doFilter(OncePerRequestFilter.java:117) ~[spring-web-5.3.27.jar:5.3.27]
	at org.apache.catalina.core.ApplicationFilterChain.internalDoFilter(ApplicationFilterChain.java:178) ~[tomcat-embed-core-9.0.75.jar:9.0.75]
	at org.apache.catalina.core.ApplicationFilterChain.doFilter(ApplicationFilterChain.java:153) ~[tomcat-embed-core-9.0.75.jar:9.0.75]
	at org.springframework.web.filter.CharacterEncodingFilter.doFilterInternal(CharacterEncodingFilter.java:201) ~[spring-web-5.3.27.jar:5.3.27]
	at org.springframework.web.filter.OncePerRequestFilter.doFilter(OncePerRequestFilter.java:117) ~[spring-web-5.3.27.jar:5.3.27]
	at org.apache.catalina.core.ApplicationFilterChain.internalDoFilter(ApplicationFilterChain.java:178) ~[tomcat-embed-core-9.0.75.jar:9.0.75]
	at org.apache.catalina.core.ApplicationFilterChain.doFilter(ApplicationFilterChain.java:153) ~[tomcat-embed-core-9.0.75.jar:9.0.75]
	at org.apache.catalina.core.StandardWrapperValve.invoke(StandardWrapperValve.java:167) ~[tomcat-embed-core-9.0.75.jar:9.0.75]
	at org.apache.catalina.core.StandardContextValve.invoke(StandardContextValve.java:90) ~[tomcat-embed-core-9.0.75.jar:9.0.75]
	at org.apache.catalina.authenticator.AuthenticatorBase.invoke(AuthenticatorBase.java:481) ~[tomcat-embed-core-9.0.75.jar:9.0.75]
	at org.apache.catalina.core.StandardHostValve.invoke(StandardHostValve.java:130) ~[tomcat-embed-core-9.0.75.jar:9.0.75]
	at org.apache.catalina.valves.ErrorReportValve.invoke(ErrorReportValve.java:93) ~[tomcat-embed-core-9.0.75.jar:9.0.75]
	at org.apache.catalina.core.StandardEngineValve.invoke(StandardEngineValve.java:74) ~[tomcat-embed-core-9.0.75.jar:9.0.75]
	at org.apache.catalina.connector.CoyoteAdapter.service(CoyoteAdapter.java:343) ~[tomcat-embed-core-9.0.75.jar:9.0.75]
	at org.apache.coyote.http11.Http11Processor.service(Http11Processor.java:390) ~[tomcat-embed-core-9.0.75.jar:9.0.75]
	at org.apache.coyote.AbstractProcessorLight.process(AbstractProcessorLight.java:63) ~[tomcat-embed-core-9.0.75.jar:9.0.75]
	at org.apache.coyote.AbstractProtocol$ConnectionHandler.process(AbstractProtocol.java:926) ~[tomcat-embed-core-9.0.75.jar:9.0.75]
	at org.apache.tomcat.util.net.NioEndpoint$SocketProcessor.doRun(NioEndpoint.java:1791) ~[tomcat-embed-core-9.0.75.jar:9.0.75]
	at org.apache.tomcat.util.net.SocketProcessorBase.run(SocketProcessorBase.java:52) ~[tomcat-embed-core-9.0.75.jar:9.0.75]
	at org.apache.tomcat.util.threads.ThreadPoolExecutor.runWorker(ThreadPoolExecutor.java:1191) ~[tomcat-embed-core-9.0.75.jar:9.0.75]
	at org.apache.tomcat.util.threads.ThreadPoolExecutor$Worker.run(ThreadPoolExecutor.java:659) ~[tomcat-embed-core-9.0.75.jar:9.0.75]
	at org.apache.tomcat.util.threads.TaskThread$WrappingRunnable.run(TaskThread.java:61) ~[tomcat-embed-core-9.0.75.jar:9.0.75]
	at java.base/java.lang.Thread.run(Thread.java:833) ~[na:na]

20:04:03:705  WARN 57048 --- [http-nio-8080-exec-5] c.b.m.c.t.support.ReflectLambdaMeta      : Unable to make field private final java.lang.Class java.lang.invoke.SerializedLambda.capturingClass accessible: module java.base does not "opens java.lang.invoke" to unnamed module @3023df74
20:04:03:736  INFO 57048 --- [http-nio-8080-exec-5] com.zaxxer.hikari.HikariDataSource       : HikariPool-1 - Starting...
20:04:04:257  INFO 57048 --- [http-nio-8080-exec-5] com.zaxxer.hikari.HikariDataSource       : HikariPool-1 - Start completed.
20:04:04:273 DEBUG 57048 --- [http-nio-8080-exec-5] com.hmall.mapper.UserMapper.selectList   : ==>  Preparing: SELECT id,username,password,phone,create_time,update_time,status,balance FROM user WHERE (username = ?)
20:04:04:328 DEBUG 57048 --- [http-nio-8080-exec-5] com.hmall.mapper.UserMapper.selectList   : ==> Parameters: jack(String)
20:04:04:396 DEBUG 57048 --- [http-nio-8080-exec-5] com.hmall.mapper.UserMapper.selectList   : <==      Total: 1
